Ticker,Error Message,Timestamp,Type,Primary Exchange
AACT.WS,"OpenApiException: OpenApiException: (code=301600, trace_id=) invalid symbol",2025-03-18T14:11:45.326308,WARRANT,XNYS
AAM.WS,"OpenApiException: OpenApiException: (code=301600, trace_id=) invalid symbol",2025-03-18T14:11:45.326308,WARRANT,XNYS
AAXN,"OpenApiException: OpenApiException: (code=301600, trace_id=) invalid symbol",2025-03-18T14:11:45.326308,CS,XNAS
ABC,"OpenApiException: OpenApiException: (code=301600, trace_id=) invalid symbol",2025-03-18T14:11:45.326308,CS,XNYS
ABRpD,"OpenApiException: OpenApiException: (code=301600, trace_id=) invalid symbol",2025-03-18T14:11:45.326308,PFD,XNYS
ABRpE,"OpenApiException: OpenApiException: (code=301600, trace_id=) invalid symbol",2025-03-18T14:11:45.326308,PFD,XNYS
ABRpF,"OpenApiException: OpenApiException: (code=301600, trace_id=) invalid symbol",2025-03-18T14:11:45.326308,PFD,XNYS
ABX,"OpenApiException: OpenApiException: (code=301600, trace_id=) invalid symbol",2025-03-18T14:11:45.326308,CS,XNYS
ACHR.WS,"OpenApiException: OpenApiException: (code=301600, trace_id=) invalid symbol",2025-03-18T14:11:45.326308,WARRANT,XNYS
ACIM,"OpenApiException: OpenApiException: (code=301600, trace_id=) invalid symbol",2025-03-18T14:11:45.326308,INDEX,ARCX
ACPpA,"OpenApiException: OpenApiException: (code=301600, trace_id=) invalid symbol",2025-03-18T14:11:45.326308,PFD,XNYS
ACRpC,"OpenApiException: OpenApiException: (code=301600, trace_id=) invalid symbol",2025-03-18T14:11:45.326308,PFD,XNYS
ACRpD,"OpenApiException: OpenApiException: (code=301600, trace_id=) invalid symbol",2025-03-18T14:11:45.326308,PFD,XNYS
ACWF,"OpenApiException: OpenApiException: (code=301600, trace_id=) invalid symbol",2025-03-18T14:11:45.326308,INDEX,ARCX
ADCpA,"OpenApiException: OpenApiException: (code=301600, trace_id=) invalid symbol",2025-03-18T14:11:45.326308,PFD,XNYS
ADS,"OpenApiException: OpenApiException: (code=301600, trace_id=) invalid symbol",2025-03-18T14:11:45.326308,CS,XNYS
AGMpD,"OpenApiException: OpenApiException: (code=301600, trace_id=) invalid symbol",2025-03-18T14:11:45.326308,PFD,XNYS
AGMpE,"OpenApiException: OpenApiException: (code=301600, trace_id=) invalid symbol",2025-03-18T14:11:45.326308,PFD,XNYS
AGMpF,"OpenApiException: OpenApiException: (code=301600, trace_id=) invalid symbol",2025-03-18T14:11:45.326308,PFD,XNYS
AGMpG,"OpenApiException: OpenApiException: (code=301600, trace_id=) invalid symbol",2025-03-18T14:11:45.326308,PFD,XNYS
AHHpA,"OpenApiException: OpenApiException: (code=301600, trace_id=) invalid symbol",2025-03-18T14:11:45.326308,PFD,XNYS
AHLpD,"OpenApiException: OpenApiException: (code=301600, trace_id=) invalid symbol",2025-03-18T14:11:45.326308,PFD,XNYS
AHLpE,"OpenApiException: OpenApiException: (code=301600, trace_id=) invalid symbol",2025-03-18T14:11:45.326308,PFD,XNYS
AHLpF,"OpenApiException: OpenApiException: (code=301600, trace_id=) invalid symbol",2025-03-18T14:11:45.326308,PFD,XNYS
AHS,"OpenApiException: OpenApiException: (code=301600, trace_id=) invalid symbol",2025-03-18T14:11:45.326308,CS,XNYS
AHTpD,"OpenApiException: OpenApiException: (code=301600, trace_id=) invalid symbol",2025-03-18T14:11:45.326308,PFD,XNYS
AHTpF,"OpenApiException: OpenApiException: (code=301600, trace_id=) invalid symbol",2025-03-18T14:11:45.326308,PFD,XNYS
AHTpG,"OpenApiException: OpenApiException: (code=301600, trace_id=) invalid symbol",2025-03-18T14:11:45.326308,PFD,XNYS
AHTpH,"OpenApiException: OpenApiException: (code=301600, trace_id=) invalid symbol",2025-03-18T14:11:45.326308,PFD,XNYS
AHTpI,"OpenApiException: OpenApiException: (code=301600, trace_id=) invalid symbol",2025-03-18T14:11:45.326308,PFD,XNYS
ALBpA,"OpenApiException: OpenApiException: (code=301600, trace_id=) invalid symbol",2025-03-18T14:11:45.326308,SP,XNYS
ALLpB,"OpenApiException: OpenApiException: (code=301600, trace_id=) invalid symbol",2025-03-18T14:11:45.326308,PFD,XNYS
ALLpH,"OpenApiException: OpenApiException: (code=301600, trace_id=) invalid symbol",2025-03-18T14:11:45.326308,PFD,XNYS
ALLpI,"OpenApiException: OpenApiException: (code=301600, trace_id=) invalid symbol",2025-03-18T14:11:45.326308,PFD,XNYS
ALLpJ,"OpenApiException: OpenApiException: (code=301600, trace_id=) invalid symbol",2025-03-18T14:11:45.326308,PFD,XNYS
ALTGpA,"OpenApiException: OpenApiException: (code=301600, trace_id=) invalid symbol",2025-03-18T14:11:45.326308,PFD,XNYS
AMBP.WS,"OpenApiException: OpenApiException: (code=301600, trace_id=) invalid symbol",2025-03-18T14:11:45.326308,WARRANT,XNYS
AMHpG,"OpenApiException: OpenApiException: (code=301600, trace_id=) invalid symbol",2025-03-18T14:11:45.326308,PFD,XNYS
AMHpH,"OpenApiException: OpenApiException: (code=301600, trace_id=) invalid symbol",2025-03-18T14:11:45.326308,PFD,XNYS
AMPX.WS,"OpenApiException: OpenApiException: (code=301600, trace_id=) invalid symbol",2025-03-18T14:11:45.326308,WARRANT,XNYS
ANGpB,"OpenApiException: OpenApiException: (code=301600, trace_id=) invalid symbol",2025-03-18T14:11:45.326308,PFD,XNYS
ANGpD,"OpenApiException: OpenApiException: (code=301600, trace_id=) invalid symbol",2025-03-18T14:11:45.326308,PFD,XNYS
ANTM,"OpenApiException: OpenApiException: (code=301600, trace_id=) invalid symbol",2025-03-18T14:11:45.326308,CS,XNYS
AP.WS,"OpenApiException: OpenApiException: (code=301600, trace_id=) invalid symbol",2025-03-18T14:11:45.326308,WARRANT,XASE
APOpA,"OpenApiException: OpenApiException: (code=301600, trace_id=) invalid symbol",2025-03-18T14:11:45.326308,SP,XNYS
ARESpB,"OpenApiException: OpenApiException: (code=301600, trace_id=) invalid symbol",2025-03-18T14:11:45.326308,SP,XNYS
ARGOpA,"OpenApiException: OpenApiException: (code=301600, trace_id=) invalid symbol",2025-03-18T14:11:45.326308,PFD,XNYS
ARRpC,"OpenApiException: OpenApiException: (code=301600, trace_id=) invalid symbol",2025-03-18T14:11:45.326308,PFD,XNYS
ARTN.A,"OpenApiException: OpenApiException: (code=301600, trace_id=) invalid symbol",2025-03-18T14:11:45.326308,N/A,XNAS
ASBpE,"OpenApiException: OpenApiException: (code=301600, trace_id=) invalid symbol",2025-03-18T14:11:45.326308,PFD,XNYS
ASBpF,"OpenApiException: OpenApiException: (code=301600, trace_id=) invalid symbol",2025-03-18T14:11:45.326308,PFD,XNYS
ATCOpD,"OpenApiException: OpenApiException: (code=301600, trace_id=) invalid symbol",2025-03-18T14:11:45.326308,PFD,XNYS
ATCOpH,"OpenApiException: OpenApiException: (code=301600, trace_id=) invalid symbol",2025-03-18T14:11:45.326308,PFD,XNYS
ATHpA,"OpenApiException: OpenApiException: (code=301600, trace_id=) invalid symbol",2025-03-18T14:11:45.326308,PFD,XNYS
ATHpB,"OpenApiException: OpenApiException: (code=301600, trace_id=) invalid symbol",2025-03-18T14:11:45.326308,PFD,XNYS
ATHpC,"OpenApiException: OpenApiException: (code=301600, trace_id=) invalid symbol",2025-03-18T14:11:45.326308,PFD,XNYS
ATHpD,"OpenApiException: OpenApiException: (code=301600, trace_id=) invalid symbol",2025-03-18T14:11:45.326308,PFD,XNYS
ATHpE,"OpenApiException: OpenApiException: (code=301600, trace_id=) invalid symbol",2025-03-18T14:11:45.326308,PFD,XNYS
AUBpA,"OpenApiException: OpenApiException: (code=301600, trace_id=) invalid symbol",2025-03-18T14:11:45.326308,PFD,XNYS
AXSpE,"OpenApiException: OpenApiException: (code=301600, trace_id=) invalid symbol",2025-03-18T14:11:45.326308,PFD,XNYS
BACpB,"OpenApiException: OpenApiException: (code=301600, trace_id=) invalid symbol",2025-03-18T14:11:45.326308,PFD,XNYS
BACpE,"OpenApiException: OpenApiException: (code=301600, trace_id=) invalid symbol",2025-03-18T14:11:45.326308,PFD,XNYS
BACpK,"OpenApiException: OpenApiException: (code=301600, trace_id=) invalid symbol",2025-03-18T14:11:45.326308,PFD,XNYS
BACpL,"OpenApiException: OpenApiException: (code=301600, trace_id=) invalid symbol",2025-03-18T14:11:45.326308,PFD,XNYS
BACpM,"OpenApiException: OpenApiException: (code=301600, trace_id=) invalid symbol",2025-03-18T14:11:45.326308,PFD,XNYS
BACpN,"OpenApiException: OpenApiException: (code=301600, trace_id=) invalid symbol",2025-03-18T14:11:45.326308,PFD,XNYS
BACpO,"OpenApiException: OpenApiException: (code=301600, trace_id=) invalid symbol",2025-03-18T14:11:45.326308,PFD,XNYS
BACpP,"OpenApiException: OpenApiException: (code=301600, trace_id=) invalid symbol",2025-03-18T14:11:45.326308,PFD,XNYS
BACpQ,"OpenApiException: OpenApiException: (code=301600, trace_id=) invalid symbol",2025-03-18T14:11:45.326308,PFD,XNYS
BACpS,"OpenApiException: OpenApiException: (code=301600, trace_id=) invalid symbol",2025-03-18T14:11:45.326308,PFD,XNYS
BANCpF,"OpenApiException: OpenApiException: (code=301600, trace_id=) invalid symbol",2025-03-18T14:11:45.326308,PFD,XNYS
BARK.WS,"OpenApiException: OpenApiException: (code=301600, trace_id=) invalid symbol",2025-03-18T14:11:45.326308,WARRANT,XNYS
BApA,"OpenApiException: OpenApiException: (code=301600, trace_id=) invalid symbol",2025-03-18T14:11:45.326308,SP,XNYS
BBAI.WS,"OpenApiException: OpenApiException: (code=301600, trace_id=) invalid symbol",2025-03-18T14:11:45.327300,WARRANT,XNYS
BCVpA,"OpenApiException: OpenApiException: (code=301600, trace_id=) invalid symbol",2025-03-18T14:11:45.327300,PFD,XASE
BCpA,"OpenApiException: OpenApiException: (code=301600, trace_id=) invalid symbol",2025-03-18T14:11:45.327300,SP,XNYS
BCpC,"OpenApiException: OpenApiException: (code=301600, trace_id=) invalid symbol",2025-03-18T14:11:45.327300,SP,XNYS
BELF.A,"OpenApiException: OpenApiException: (code=301600, trace_id=) invalid symbol",2025-03-18T14:11:45.327300,N/A,XNAS
BELF.B,"OpenApiException: OpenApiException: (code=301600, trace_id=) invalid symbol",2025-03-18T14:11:45.327300,N/A,XNAS
BEPpA,"OpenApiException: OpenApiException: (code=301600, trace_id=) invalid symbol",2025-03-18T14:11:45.327300,PFD,XNYS
BFLY.WS,"OpenApiException: OpenApiException: (code=301600, trace_id=) invalid symbol",2025-03-18T14:11:45.327300,WARRANT,XNYS
BFSpD,"OpenApiException: OpenApiException: (code=301600, trace_id=) invalid symbol",2025-03-18T14:11:45.327300,PFD,XNYS
BFSpE,"OpenApiException: OpenApiException: (code=301600, trace_id=) invalid symbol",2025-03-18T14:11:45.327300,PFD,XNYS
BHRpB,"OpenApiException: OpenApiException: (code=301600, trace_id=) invalid symbol",2025-03-18T14:11:45.327300,PFD,XNYS
BHRpD,"OpenApiException: OpenApiException: (code=301600, trace_id=) invalid symbol",2025-03-18T14:11:45.327300,PFD,XNYS
BIF,"OpenApiException: OpenApiException: (code=301600, trace_id=) invalid symbol",2025-03-18T14:11:45.327300,CS,XNYS
BIPpA,"OpenApiException: OpenApiException: (code=301600, trace_id=) invalid symbol",2025-03-18T14:11:45.327300,PFD,XNYS
BIPpB,"OpenApiException: OpenApiException: (code=301600, trace_id=) invalid symbol",2025-03-18T14:11:45.327300,PFD,XNYS
BKKT.WS,"OpenApiException: OpenApiException: (code=301600, trace_id=) invalid symbol",2025-03-18T14:11:45.327300,WARRANT,XNYS
BKSY.WS,"OpenApiException: OpenApiException: (code=301600, trace_id=) invalid symbol",2025-03-18T14:11:45.327300,WARRANT,XNYS
BMLpG,"OpenApiException: OpenApiException: (code=301600, trace_id=) invalid symbol",2025-03-18T14:11:45.327300,PFD,XNYS
BMLpH,"OpenApiException: OpenApiException: (code=301600, trace_id=) invalid symbol",2025-03-18T14:11:45.327300,PFD,XNYS
BMLpJ,"OpenApiException: OpenApiException: (code=301600, trace_id=) invalid symbol",2025-03-18T14:11:45.327300,PFD,XNYS
BMLpL,"OpenApiException: OpenApiException: (code=301600, trace_id=) invalid symbol",2025-03-18T14:11:45.327300,PFD,XNYS
BOHpA,"OpenApiException: OpenApiException: (code=301600, trace_id=) invalid symbol",2025-03-18T14:11:45.327300,PFD,XNYS
BOHpB,"OpenApiException: OpenApiException: (code=301600, trace_id=) invalid symbol",2025-03-18T14:11:45.327300,PFD,XNYS
BOWL,"OpenApiException: OpenApiException: (code=301600, trace_id=) invalid symbol",2025-03-18T14:11:45.327300,CS,XNYS
BWpA,"OpenApiException: OpenApiException: (code=301600, trace_id=) invalid symbol",2025-03-18T14:11:45.327300,PFD,XNYS
CADEpA,"OpenApiException: OpenApiException: (code=301600, trace_id=) invalid symbol",2025-03-18T14:11:45.327300,PFD,XNYS
CBG,"OpenApiException: OpenApiException: (code=301600, trace_id=) invalid symbol",2025-03-18T14:11:45.327300,CS,XNYS
CBND,"OpenApiException: OpenApiException: (code=301600, trace_id=) invalid symbol",2025-03-18T14:11:45.327300,INDEX,ARCX
CDRpB,"OpenApiException: OpenApiException: (code=301600, trace_id=) invalid symbol",2025-03-18T14:11:45.327300,PFD,XNYS
CDRpC,"OpenApiException: OpenApiException: (code=301600, trace_id=) invalid symbol",2025-03-18T14:11:45.327300,PFD,XNYS
CECE,"OpenApiException: OpenApiException: (code=301600, trace_id=) invalid symbol",2025-03-18T14:11:45.327300,N/A,XNAS
CELGr,"OpenApiException: OpenApiException: (code=301600, trace_id=) invalid symbol",2025-03-18T14:11:45.327300,RIGHT,XNYS
CENT.A,"OpenApiException: OpenApiException: (code=301600, trace_id=) invalid symbol",2025-03-18T14:11:45.327300,N/A,XNAS
CFGpE,"OpenApiException: OpenApiException: (code=301600, trace_id=) invalid symbol",2025-03-18T14:11:45.327300,PFD,XNYS
CFGpH,"OpenApiException: OpenApiException: (code=301600, trace_id=) invalid symbol",2025-03-18T14:11:45.327300,PFD,XNYS
CFI,"OpenApiException: OpenApiException: (code=301600, trace_id=) invalid symbol",2025-03-18T14:11:45.327300,CS,XNYS
CFRpB,"OpenApiException: OpenApiException: (code=301600, trace_id=) invalid symbol",2025-03-18T14:11:45.327300,PFD,XNYS
CHEB.WS,"OpenApiException: OpenApiException: (code=301600, trace_id=) invalid symbol",2025-03-18T14:11:45.327300,WARRANT,XASE
CHMIpA,"OpenApiException: OpenApiException: (code=301600, trace_id=) invalid symbol",2025-03-18T14:11:45.327300,PFD,XNYS
CHMIpB,"OpenApiException: OpenApiException: (code=301600, trace_id=) invalid symbol",2025-03-18T14:11:45.327300,PFD,XNYS
CHSC.P,"OpenApiException: OpenApiException: (code=301600, trace_id=) invalid symbol",2025-03-18T14:11:45.327300,N/A,XNAS
CIMpA,"OpenApiException: OpenApiException: (code=301600, trace_id=) invalid symbol",2025-03-18T14:11:45.327300,PFD,XNYS
CIMpB,"OpenApiException: OpenApiException: (code=301600, trace_id=) invalid symbol",2025-03-18T14:11:45.327300,PFD,XNYS
CIMpC,"OpenApiException: OpenApiException: (code=301600, trace_id=) invalid symbol",2025-03-18T14:11:45.327300,PFD,XNYS
CIMpD,"OpenApiException: OpenApiException: (code=301600, trace_id=) invalid symbol",2025-03-18T14:11:45.327300,PFD,XNYS
CIOpA,"OpenApiException: OpenApiException: (code=301600, trace_id=) invalid symbol",2025-03-18T14:11:45.327300,PFD,XNYS
CIU,"OpenApiException: OpenApiException: (code=301600, trace_id=) invalid symbol",2025-03-18T14:11:45.327300,INDEX,ARCX
CJNK,"OpenApiException: OpenApiException: (code=301600, trace_id=) invalid symbol",2025-03-18T14:11:45.327300,INDEX,ARCX
CLBR.WS,"OpenApiException: OpenApiException: (code=301600, trace_id=) invalid symbol",2025-03-18T14:11:45.327300,WARRANT,XNYS
CLDTpA,"OpenApiException: OpenApiException: (code=301600, trace_id=) invalid symbol",2025-03-18T14:11:45.327300,PFD,XNYS
CLI,"OpenApiException: OpenApiException: (code=301600, trace_id=) invalid symbol",2025-03-18T14:11:45.327300,CS,XNYS
CLY,"OpenApiException: OpenApiException: (code=301600, trace_id=) invalid symbol",2025-03-18T14:11:45.327300,INDEX,ARCX
CLYH,"OpenApiException: OpenApiException: (code=301600, trace_id=) invalid symbol",2025-03-18T14:11:45.327300,INDEX,ARCX
CMCS.A,"OpenApiException: OpenApiException: (code=301600, trace_id=) invalid symbol",2025-03-18T14:11:45.327300,N/A,XNAS
CMREpB,"OpenApiException: OpenApiException: (code=301600, trace_id=) invalid symbol",2025-03-18T14:11:45.327300,PFD,XNYS
CMREpC,"OpenApiException: OpenApiException: (code=301600, trace_id=) invalid symbol",2025-03-18T14:11:45.327300,PFD,XNYS
CMREpD,"OpenApiException: OpenApiException: (code=301600, trace_id=) invalid symbol",2025-03-18T14:11:45.327300,PFD,XNYS
CMSpB,"OpenApiException: OpenApiException: (code=301600, trace_id=) invalid symbol",2025-03-18T14:11:45.327300,PFD,XNYS
CMSpC,"OpenApiException: OpenApiException: (code=301600, trace_id=) invalid symbol",2025-03-18T14:11:45.327300,PFD,XNYS
CNOpA,"OpenApiException: OpenApiException: (code=301600, trace_id=) invalid symbol",2025-03-18T14:11:45.327300,SP,XNYS
CODIpA,"OpenApiException: OpenApiException: (code=301600, trace_id=) invalid symbol",2025-03-18T14:11:45.327300,PFD,XNYS
CODIpB,"OpenApiException: OpenApiException: (code=301600, trace_id=) invalid symbol",2025-03-18T14:11:45.327300,PFD,XNYS
CODIpC,"OpenApiException: OpenApiException: (code=301600, trace_id=) invalid symbol",2025-03-18T14:11:45.327300,PFD,XNYS
COFpI,"OpenApiException: OpenApiException: (code=301600, trace_id=) invalid symbol",2025-03-18T14:11:45.327300,PFD,XNYS
COFpJ,"OpenApiException: OpenApiException: (code=301600, trace_id=) invalid symbol",2025-03-18T14:11:45.327300,PFD,XNYS
COFpK,"OpenApiException: OpenApiException: (code=301600, trace_id=) invalid symbol",2025-03-18T14:11:45.327300,PFD,XNYS
COFpL,"OpenApiException: OpenApiException: (code=301600, trace_id=) invalid symbol",2025-03-18T14:11:45.327300,PFD,XNYS
COFpN,"OpenApiException: OpenApiException: (code=301600, trace_id=) invalid symbol",2025-03-18T14:11:45.327300,PFD,XNYS
COG,"OpenApiException: OpenApiException: (code=301600, trace_id=) invalid symbol",2025-03-18T14:11:45.327300,CS,XNYS
CPSI,"OpenApiException: OpenApiException: (code=301600, trace_id=) invalid symbol",2025-03-18T14:11:45.327300,N/A,XNAS
CRES.Y,"OpenApiException: OpenApiException: (code=301600, trace_id=) invalid symbol",2025-03-18T14:11:45.327300,N/A,XNAS
CSJ,"OpenApiException: OpenApiException: (code=301600, trace_id=) invalid symbol",2025-03-18T14:11:45.327300,INDEX,ARCX
CTApA,"OpenApiException: OpenApiException: (code=301600, trace_id=) invalid symbol",2025-03-18T14:11:45.327300,PFD,XNYS
CTApB,"OpenApiException: OpenApiException: (code=301600, trace_id=) invalid symbol",2025-03-18T14:11:45.327300,PFD,XNYS
CTOpA,"OpenApiException: OpenApiException: (code=301600, trace_id=) invalid symbol",2025-03-18T14:11:45.327800,PFD,XNYS
CUBIpE,"OpenApiException: OpenApiException: (code=301600, trace_id=) invalid symbol",2025-03-18T14:11:45.327800,PFD,XNYS
CUBIpF,"OpenApiException: OpenApiException: (code=301600, trace_id=) invalid symbol",2025-03-18T14:11:45.327800,PFD,XNYS
CVE.WS,"OpenApiException: OpenApiException: (code=301600, trace_id=) invalid symbol",2025-03-18T14:11:45.327800,WARRANT,XNYS
CYCC.P,"OpenApiException: OpenApiException: (code=301600, trace_id=) invalid symbol",2025-03-18T14:11:45.327800,N/A,XNAS
CpN,"OpenApiException: OpenApiException: (code=301600, trace_id=) invalid symbol",2025-03-18T14:11:45.327800,PFD,XNYS
DBAP,"OpenApiException: OpenApiException: (code=301600, trace_id=) invalid symbol",2025-03-18T14:11:45.327800,INDEX,ARCX
DBRGpH,"OpenApiException: OpenApiException: (code=301600, trace_id=) invalid symbol",2025-03-18T14:11:45.327800,PFD,XNYS
DBRGpI,"OpenApiException: OpenApiException: (code=301600, trace_id=) invalid symbol",2025-03-18T14:11:45.327800,PFD,XNYS
DBRGpJ,"OpenApiException: OpenApiException: (code=301600, trace_id=) invalid symbol",2025-03-18T14:11:45.327800,PFD,XNYS
DC.WS,"OpenApiException: OpenApiException: (code=301600, trace_id=) invalid symbol",2025-03-18T14:11:45.327800,WARRANT,XASE
DEF,"OpenApiException: OpenApiException: (code=301600, trace_id=) invalid symbol",2025-03-18T14:11:45.327800,ETF,ARCX
DGIC.A,"OpenApiException: OpenApiException: (code=301600, trace_id=) invalid symbol",2025-03-18T14:11:45.327800,N/A,XNAS
DGIC.B,"OpenApiException: OpenApiException: (code=301600, trace_id=) invalid symbol",2025-03-18T14:11:45.327800,N/A,XNAS
DLNGpA,"OpenApiException: OpenApiException: (code=301600, trace_id=) invalid symbol",2025-03-18T14:11:45.327800,PFD,XNYS
DLNGpB,"OpenApiException: OpenApiException: (code=301600, trace_id=) invalid symbol",2025-03-18T14:11:45.327800,PFD,XNYS
DLRpJ,"OpenApiException: OpenApiException: (code=301600, trace_id=) invalid symbol",2025-03-18T14:11:45.327800,PFD,XNYS
DLRpK,"OpenApiException: OpenApiException: (code=301600, trace_id=) invalid symbol",2025-03-18T14:11:45.327800,PFD,XNYS
DLRpL,"OpenApiException: OpenApiException: (code=301600, trace_id=) invalid symbol",2025-03-18T14:11:45.327800,PFD,XNYS
DMYY.WS,"OpenApiException: OpenApiException: (code=301600, trace_id=) invalid symbol",2025-03-18T14:11:45.327800,WARRANT,XASE
DRHpA,"OpenApiException: OpenApiException: (code=301600, trace_id=) invalid symbol",2025-03-18T14:11:45.327800,PFD,XNYS
DRW,"OpenApiException: OpenApiException: (code=301600, trace_id=) invalid symbol",2025-03-18T14:11:45.327800,INDEX,ARCX
DSX.WS,"OpenApiException: OpenApiException: (code=301600, trace_id=) invalid symbol",2025-03-18T14:11:45.327800,WARRANT,XNYS
DSXpB,"OpenApiException: OpenApiException: (code=301600, trace_id=) invalid symbol",2025-03-18T14:11:45.327800,PFD,XNYS
DUKpA,"OpenApiException: OpenApiException: (code=301600, trace_id=) invalid symbol",2025-03-18T14:11:45.327800,PFD,XNYS
DXpC,"OpenApiException: OpenApiException: (code=301600, trace_id=) invalid symbol",2025-03-18T14:11:45.327800,PFD,XNYS
ECCpD,"OpenApiException: OpenApiException: (code=301600, trace_id=) invalid symbol",2025-03-18T14:11:45.327800,PFD,XNYS
ECFpA,"OpenApiException: OpenApiException: (code=301600, trace_id=) invalid symbol",2025-03-18T14:11:45.327800,PFD,XASE
EFCpA,"OpenApiException: OpenApiException: (code=301600, trace_id=) invalid symbol",2025-03-18T14:11:45.327800,PFD,XNYS
EFCpB,"OpenApiException: OpenApiException: (code=301600, trace_id=) invalid symbol",2025-03-18T14:11:45.327800,PFD,XNYS
EFCpC,"OpenApiException: OpenApiException: (code=301600, trace_id=) invalid symbol",2025-03-18T14:11:45.327800,PFD,XNYS
EFCpD,"OpenApiException: OpenApiException: (code=301600, trace_id=) invalid symbol",2025-03-18T14:11:45.327800,PFD,XNYS
ELY,"OpenApiException: OpenApiException: (code=301600, trace_id=) invalid symbol",2025-03-18T14:11:45.327800,CS,XNYS
EPRpC,"OpenApiException: OpenApiException: (code=301600, trace_id=) invalid symbol",2025-03-18T14:11:45.327800,PFD,XNYS
EPRpE,"OpenApiException: OpenApiException: (code=301600, trace_id=) invalid symbol",2025-03-18T14:11:45.327800,PFD,XNYS
EPRpG,"OpenApiException: OpenApiException: (code=301600, trace_id=) invalid symbol",2025-03-18T14:11:45.327800,PFD,XNYS
EPpC,"OpenApiException: OpenApiException: (code=301600, trace_id=) invalid symbol",2025-03-18T14:11:45.327800,PFD,XNYS
EQHpA,"OpenApiException: OpenApiException: (code=301600, trace_id=) invalid symbol",2025-03-18T14:11:45.327800,PFD,XNYS
EQHpC,"OpenApiException: OpenApiException: (code=301600, trace_id=) invalid symbol",2025-03-18T14:11:45.327800,PFD,XNYS
EQV.WS,"OpenApiException: OpenApiException: (code=301600, trace_id=) invalid symbol",2025-03-18T14:11:45.327800,WARRANT,XNYS
ETIp,"OpenApiException: OpenApiException: (code=301600, trace_id=) invalid symbol",2025-03-18T14:11:45.327800,PFD,XNYS
ETWO.WS,"OpenApiException: OpenApiException: (code=301600, trace_id=) invalid symbol",2025-03-18T14:11:45.327800,WARRANT,XNYS
ETpI,"OpenApiException: OpenApiException: (code=301600, trace_id=) invalid symbol",2025-03-18T14:11:45.327800,PFD,XNYS
EZY,"OpenApiException: OpenApiException: (code=301600, trace_id=) invalid symbol",2025-03-18T14:11:45.327800,INDEX,ARCX
FBHS,"OpenApiException: OpenApiException: (code=301600, trace_id=) invalid symbol",2025-03-18T14:11:45.327800,CS,XNYS
FBRTpE,"OpenApiException: OpenApiException: (code=301600, trace_id=) invalid symbol",2025-03-18T14:11:45.327800,PFD,XNYS
FCNC.A,"OpenApiException: OpenApiException: (code=301600, trace_id=) invalid symbol",2025-03-18T14:11:45.327800,N/A,XNAS
FEU,"OpenApiException: OpenApiException: (code=301600, trace_id=) invalid symbol",2025-03-18T14:11:45.327800,INDEX,ARCX
FHNpB,"OpenApiException: OpenApiException: (code=301600, trace_id=) invalid symbol",2025-03-18T14:11:45.327800,PFD,XNYS
FHNpC,"OpenApiException: OpenApiException: (code=301600, trace_id=) invalid symbol",2025-03-18T14:11:45.327800,PFD,XNYS
FHNpE,"OpenApiException: OpenApiException: (code=301600, trace_id=) invalid symbol",2025-03-18T14:11:45.327800,PFD,XNYS
FHNpF,"OpenApiException: OpenApiException: (code=301600, trace_id=) invalid symbol",2025-03-18T14:11:45.327800,PFD,XNYS
FLDM,"OpenApiException: OpenApiException: (code=301600, trace_id=) invalid symbol",2025-03-18T14:11:45.327800,N/A,XNAS
FLGpA,"OpenApiException: OpenApiException: (code=301600, trace_id=) invalid symbol",2025-03-18T14:11:45.327800,PFD,XNYS
FLGpU,"OpenApiException: OpenApiException: (code=301600, trace_id=) invalid symbol",2025-03-18T14:11:45.327800,SP,XNYS
FLM,"OpenApiException: OpenApiException: (code=301600, trace_id=) invalid symbol",2025-03-18T14:11:45.327800,INDEX,ARCX
FORT.Y,"OpenApiException: OpenApiException: (code=301600, trace_id=) invalid symbol",2025-03-18T14:11:45.327800,N/A,XNAS
FRTpC,"OpenApiException: OpenApiException: (code=301600, trace_id=) invalid symbol",2025-03-18T14:11:45.327800,PFD,XNYS
FTLB,"OpenApiException: OpenApiException: (code=301600, trace_id=) invalid symbol",2025-03-18T14:11:45.327800,N/A,XNAS
FTY,"OpenApiException: OpenApiException: (code=301600, trace_id=) invalid symbol",2025-03-18T14:11:45.327800,INDEX,ARCX
FpB,"OpenApiException: OpenApiException: (code=301600, trace_id=) invalid symbol",2025-03-18T14:11:45.327800,SP,XNYS
FpC,"OpenApiException: OpenApiException: (code=301600, trace_id=) invalid symbol",2025-03-18T14:11:45.327800,SP,XNYS
FpD,"OpenApiException: OpenApiException: (code=301600, trace_id=) invalid symbol",2025-03-18T14:11:45.327800,SP,XNYS
GABpG,"OpenApiException: OpenApiException: (code=301600, trace_id=) invalid symbol",2025-03-18T14:11:45.327800,PFD,XNYS
GABpH,"OpenApiException: OpenApiException: (code=301600, trace_id=) invalid symbol",2025-03-18T14:11:45.327800,PFD,XNYS
GABpK,"OpenApiException: OpenApiException: (code=301600, trace_id=) invalid symbol",2025-03-18T14:11:45.327800,PFD,XNYS
GAMpB,"OpenApiException: OpenApiException: (code=301600, trace_id=) invalid symbol",2025-03-18T14:11:45.327800,PFD,XNYS
GB.WS,"OpenApiException: OpenApiException: (code=301600, trace_id=) invalid symbol",2025-03-18T14:11:45.327800,WARRANT,XNYS
GDLpC,"OpenApiException: OpenApiException: (code=301600, trace_id=) invalid symbol",2025-03-18T14:11:45.327800,SP,XNYS
GDVpH,"OpenApiException: OpenApiException: (code=301600, trace_id=) invalid symbol",2025-03-18T14:11:45.327800,PFD,XNYS
GDVpK,"OpenApiException: OpenApiException: (code=301600, trace_id=) invalid symbol",2025-03-18T14:11:45.327800,PFD,XNYS
GEX,"OpenApiException: OpenApiException: (code=301600, trace_id=) invalid symbol",2025-03-18T14:11:45.327800,INDEX,ARCX
GGNpB,"OpenApiException: OpenApiException: (code=301600, trace_id=) invalid symbol",2025-03-18T14:11:45.327800,PFD,XASE
GGTpE,"OpenApiException: OpenApiException: (code=301600, trace_id=) invalid symbol",2025-03-18T14:11:45.327800,PFD,XNYS
GGTpG,"OpenApiException: OpenApiException: (code=301600, trace_id=) invalid symbol",2025-03-18T14:11:45.327800,PFD,XNYS
GLDX,"OpenApiException: OpenApiException: (code=301600, trace_id=) invalid symbol",2025-03-18T14:11:45.327800,INDEX,ARCX
GLOPpA,"OpenApiException: OpenApiException: (code=301600, trace_id=) invalid symbol",2025-03-18T14:11:45.327800,PFD,XNYS
GLOPpB,"OpenApiException: OpenApiException: (code=301600, trace_id=) invalid symbol",2025-03-18T14:11:45.327800,PFD,XNYS
GLOPpC,"OpenApiException: OpenApiException: (code=301600, trace_id=) invalid symbol",2025-03-18T14:11:45.327800,PFD,XNYS
GLPpB,"OpenApiException: OpenApiException: (code=301600, trace_id=) invalid symbol",2025-03-18T14:11:45.327800,PFD,XNYS
GLUpA,"OpenApiException: OpenApiException: (code=301600, trace_id=) invalid symbol",2025-03-18T14:11:45.327800,PFD,XASE
GLUpB,"OpenApiException: OpenApiException: (code=301600, trace_id=) invalid symbol",2025-03-18T14:11:45.327800,PFD,XASE
GLpD,"OpenApiException: OpenApiException: (code=301600, trace_id=) invalid symbol",2025-03-18T14:11:45.327800,SP,XNYS
GMREpA,"OpenApiException: OpenApiException: (code=301600, trace_id=) invalid symbol",2025-03-18T14:11:45.327800,PFD,XNYS
GNLpA,"OpenApiException: OpenApiException: (code=301600, trace_id=) invalid symbol",2025-03-18T14:11:45.327800,PFD,XNYS
GNLpB,"OpenApiException: OpenApiException: (code=301600, trace_id=) invalid symbol",2025-03-18T14:11:45.327800,PFD,XNYS
GNLpD,"OpenApiException: OpenApiException: (code=301600, trace_id=) invalid symbol",2025-03-18T14:11:45.327800,PFD,XNYS
GNLpE,"OpenApiException: OpenApiException: (code=301600, trace_id=) invalid symbol",2025-03-18T14:11:45.327800,PFD,XNYS
GNTpA,"OpenApiException: OpenApiException: (code=301600, trace_id=) invalid symbol",2025-03-18T14:11:45.327800,PFD,XNYS
GPMTpA,"OpenApiException: OpenApiException: (code=301600, trace_id=) invalid symbol",2025-03-18T14:11:45.327800,PFD,XNYS
GPUSpD,"OpenApiException: OpenApiException: (code=301600, trace_id=) invalid symbol",2025-03-18T14:11:45.327800,PFD,XASE
GRAF.WS,"OpenApiException: OpenApiException: (code=301600, trace_id=) invalid symbol",2025-03-18T14:11:45.327800,WARRANT,XASE
GRBKpA,"OpenApiException: OpenApiException: (code=301600, trace_id=) invalid symbol",2025-03-18T14:11:45.327800,PFD,XNYS
GROY.WS,"OpenApiException: OpenApiException: (code=301600, trace_id=) invalid symbol",2025-03-18T14:11:45.327800,WARRANT,XASE
GSLpB,"OpenApiException: OpenApiException: (code=301600, trace_id=) invalid symbol",2025-03-18T14:11:45.327800,PFD,XNYS
GSpA,"OpenApiException: OpenApiException: (code=301600, trace_id=) invalid symbol",2025-03-18T14:11:45.327800,PFD,XNYS
GSpC,"OpenApiException: OpenApiException: (code=301600, trace_id=) invalid symbol",2025-03-18T14:11:45.327800,PFD,XNYS
GSpD,"OpenApiException: OpenApiException: (code=301600, trace_id=) invalid symbol",2025-03-18T14:11:45.327800,PFD,XNYS
GTLSpB,"OpenApiException: OpenApiException: (code=301600, trace_id=) invalid symbol",2025-03-18T14:11:45.327800,SP,XNYS
GUTpC,"OpenApiException: OpenApiException: (code=301600, trace_id=) invalid symbol",2025-03-18T14:11:45.327800,PFD,XNYS
GWH.WS,"OpenApiException: OpenApiException: (code=301600, trace_id=) invalid symbol",2025-03-18T14:11:45.327800,WARRANT,XNYS
GWL,"OpenApiException: OpenApiException: (code=301600, trace_id=) invalid symbol",2025-03-18T14:11:45.327800,INDEX,ARCX
GXF,"OpenApiException: OpenApiException: (code=301600, trace_id=) invalid symbol",2025-03-18T14:11:45.327800,INDEX,ARCX
HBHC,"OpenApiException: OpenApiException: (code=301600, trace_id=) invalid symbol",2025-03-18T14:11:45.327800,N/A,XNAS
HCN,"OpenApiException: OpenApiException: (code=301600, trace_id=) invalid symbol",2025-03-18T14:11:45.327800,CS,XNYS
HFROpA,"OpenApiException: OpenApiException: (code=301600, trace_id=) invalid symbol",2025-03-18T14:11:45.327800,PFD,XNYS
HFROpB,"OpenApiException: OpenApiException: (code=301600, trace_id=) invalid symbol",2025-03-18T14:11:45.327800,PFD,XNYS
HIGpG,"OpenApiException: OpenApiException: (code=301600, trace_id=) invalid symbol",2025-03-18T14:11:45.327800,PFD,XNYS
HLLY.WS,"OpenApiException: OpenApiException: (code=301600, trace_id=) invalid symbol",2025-03-18T14:11:45.327800,WARRANT,XNYS
HLpB,"OpenApiException: OpenApiException: (code=301600, trace_id=) invalid symbol",2025-03-18T14:11:45.327800,PFD,XNYS
HOVN.P,"OpenApiException: OpenApiException: (code=301600, trace_id=) invalid symbol",2025-03-18T14:11:45.327800,N/A,XNAS
HPEpC,"OpenApiException: OpenApiException: (code=301600, trace_id=) invalid symbol",2025-03-18T14:11:45.327800,SP,XNYS
HPPpC,"OpenApiException: OpenApiException: (code=301600, trace_id=) invalid symbol",2025-03-18T14:11:45.327800,PFD,XNYS
HSC,"OpenApiException: OpenApiException: (code=301600, trace_id=) invalid symbol",2025-03-18T14:11:45.327800,CS,XNYS
HWMp,"OpenApiException: OpenApiException: (code=301600, trace_id=) invalid symbol",2025-03-18T14:11:45.327800,PFD,XASE
HYAC.WS,"OpenApiException: OpenApiException: (code=301600, trace_id=) invalid symbol",2025-03-18T14:11:45.327800,WARRANT,XNYS
ICRpA,"OpenApiException: OpenApiException: (code=301600, trace_id=) invalid symbol",2025-03-18T14:11:45.327800,PFD,XNYS
IIPRpA,"OpenApiException: OpenApiException: (code=301600, trace_id=) invalid symbol",2025-03-18T14:11:45.327800,PFD,XNYS
IMKT.A,"OpenApiException: OpenApiException: (code=301600, trace_id=) invalid symbol",2025-03-18T14:11:45.327800,N/A,XNAS
INNpE,"OpenApiException: OpenApiException: (code=301600, trace_id=) invalid symbol",2025-03-18T14:11:45.327800,PFD,XNYS
INNpF,"OpenApiException: OpenApiException: (code=301600, trace_id=) invalid symbol",2025-03-18T14:11:45.327800,PFD,XNYS
INT,"OpenApiException: OpenApiException: (code=301600, trace_id=) invalid symbol",2025-03-18T14:11:45.327800,CS,XNYS
IONQ.WS,"OpenApiException: OpenApiException: (code=301600, trace_id=) invalid symbol",2025-03-18T14:11:45.327800,WARRANT,XNYS
IPE,"OpenApiException: OpenApiException: (code=301600, trace_id=) invalid symbol",2025-03-18T14:11:45.327800,INDEX,ARCX
IRS.WS,"OpenApiException: OpenApiException: (code=301600, trace_id=) invalid symbol",2025-03-18T14:11:45.327800,WARRANT,XNYS
ITE,"OpenApiException: OpenApiException: (code=301600, trace_id=) invalid symbol",2025-03-18T14:11:45.327800,INDEX,ARCX
ITR,"OpenApiException: OpenApiException: (code=301600, trace_id=) invalid symbol",2025-03-18T14:11:45.327800,INDEX,ARCX
IVRpC,"OpenApiException: OpenApiException: (code=301600, trace_id=) invalid symbol",2025-03-18T14:11:45.328315,PFD,XNYS
JACSr,"OpenApiException: OpenApiException: (code=301600, trace_id=) invalid symbol",2025-03-18T14:11:45.328315,RIGHT,XNYS
JCOM,"OpenApiException: OpenApiException: (code=301600, trace_id=) invalid symbol",2025-03-18T14:11:45.328315,N/A,XNAS
JOBY.WS,"OpenApiException: OpenApiException: (code=301600, trace_id=) invalid symbol",2025-03-18T14:11:45.328315,WARRANT,XNYS
JPMpC,"OpenApiException: OpenApiException: (code=301600, trace_id=) invalid symbol",2025-03-18T14:11:45.328315,PFD,XNYS
JPMpD,"OpenApiException: OpenApiException: (code=301600, trace_id=) invalid symbol",2025-03-18T14:11:45.328315,PFD,XNYS
JPMpJ,"OpenApiException: OpenApiException: (code=301600, trace_id=) invalid symbol",2025-03-18T14:11:45.328315,PFD,XNYS
JPMpK,"OpenApiException: OpenApiException: (code=301600, trace_id=) invalid symbol",2025-03-18T14:11:45.328315,PFD,XNYS
JPMpL,"OpenApiException: OpenApiException: (code=301600, trace_id=) invalid symbol",2025-03-18T14:11:45.328315,PFD,XNYS
JPMpM,"OpenApiException: OpenApiException: (code=301600, trace_id=) invalid symbol",2025-03-18T14:11:45.328315,PFD,XNYS
JXNpA,"OpenApiException: OpenApiException: (code=301600, trace_id=) invalid symbol",2025-03-18T14:11:45.328315,PFD,XNYS
KELY.A,"OpenApiException: OpenApiException: (code=301600, trace_id=) invalid symbol",2025-03-18T14:11:45.328315,N/A,XNAS
KELY.B,"OpenApiException: OpenApiException: (code=301600, trace_id=) invalid symbol",2025-03-18T14:11:45.328315,N/A,XNAS
KEYpI,"OpenApiException: OpenApiException: (code=301600, trace_id=) invalid symbol",2025-03-18T14:11:45.328315,PFD,XNYS
KEYpJ,"OpenApiException: OpenApiException: (code=301600, trace_id=) invalid symbol",2025-03-18T14:11:45.328315,PFD,XNYS
KEYpK,"OpenApiException: OpenApiException: (code=301600, trace_id=) invalid symbol",2025-03-18T14:11:45.328315,PFD,XNYS
KEYpL,"OpenApiException: OpenApiException: (code=301600, trace_id=) invalid symbol",2025-03-18T14:11:45.328315,PFD,XNYS
KIMpL,"OpenApiException: OpenApiException: (code=301600, trace_id=) invalid symbol",2025-03-18T14:11:45.328315,PFD,XNYS
KIMpM,"OpenApiException: OpenApiException: (code=301600, trace_id=) invalid symbol",2025-03-18T14:11:45.328315,PFD,XNYS
KIMpN,"OpenApiException: OpenApiException: (code=301600, trace_id=) invalid symbol",2025-03-18T14:11:45.328315,PFD,XNYS
KKRpD,"OpenApiException: OpenApiException: (code=301600, trace_id=) invalid symbol",2025-03-18T14:11:45.328315,SP,XNYS
KLD,"OpenApiException: OpenApiException: (code=301600, trace_id=) invalid symbol",2025-03-18T14:11:45.328315,INDEX,ARCX
KREFpA,"OpenApiException: OpenApiException: (code=301600, trace_id=) invalid symbol",2025-03-18T14:11:45.328315,PFD,XNYS
LBRD.A,"OpenApiException: OpenApiException: (code=301600, trace_id=) invalid symbol",2025-03-18T14:11:45.328315,N/A,XNAS
LBRD.K,"OpenApiException: OpenApiException: (code=301600, trace_id=) invalid symbol",2025-03-18T14:11:45.328315,N/A,XNAS
LEGT.WS,"OpenApiException: OpenApiException: (code=301600, trace_id=) invalid symbol",2025-03-18T14:11:45.328315,WARRANT,XASE
LFTpA,"OpenApiException: OpenApiException: (code=301600, trace_id=) invalid symbol",2025-03-18T14:11:45.328315,PFD,XNYS
LGL.WS,"OpenApiException: OpenApiException: (code=301600, trace_id=) invalid symbol",2025-03-18T14:11:45.328315,WARRANT,XASE
LMND.WS,"OpenApiException: OpenApiException: (code=301600, trace_id=) invalid symbol",2025-03-18T14:11:45.328315,WARRANT,XASE
LMT,OpenApiException: OpenApiException: request timeout,2025-03-18T14:11:45.328315,CS,XNYS
LNCpD,"OpenApiException: OpenApiException: (code=301600, trace_id=) invalid symbol",2025-03-18T14:11:45.328315,PFD,XNYS
LOWC,"OpenApiException: OpenApiException: (code=301600, trace_id=) invalid symbol",2025-03-18T14:11:45.328315,INDEX,ARCX
LVWR.WS,"OpenApiException: OpenApiException: (code=301600, trace_id=) invalid symbol",2025-03-18T14:11:45.328315,WARRANT,XNYS
LWC,"OpenApiException: OpenApiException: (code=301600, trace_id=) invalid symbol",2025-03-18T14:11:45.328315,INDEX,ARCX
LXPpC,"OpenApiException: OpenApiException: (code=301600, trace_id=) invalid symbol",2025-03-18T14:11:45.328315,PFD,XNYS
MAApI,"OpenApiException: OpenApiException: (code=301600, trace_id=) invalid symbol",2025-03-18T14:11:45.328315,PFD,XNYS
MARP.S,"OpenApiException: OpenApiException: (code=301600, trace_id=) invalid symbol",2025-03-18T14:11:45.328315,N/A,XNAS
MBG,"OpenApiException: OpenApiException: (code=301600, trace_id=) invalid symbol",2025-03-18T14:11:45.328315,ETF,ARCX
MDVpA,"OpenApiException: OpenApiException: (code=301600, trace_id=) invalid symbol",2025-03-18T14:11:45.328315,PFD,XNYS
MERpK,"OpenApiException: OpenApiException: (code=301600, trace_id=) invalid symbol",2025-03-18T14:11:45.328315,PFD,XNYS
METpA,"OpenApiException: OpenApiException: (code=301600, trace_id=) invalid symbol",2025-03-18T14:11:45.328315,PFD,XNYS
METpE,"OpenApiException: OpenApiException: (code=301600, trace_id=) invalid symbol",2025-03-18T14:11:45.328315,PFD,XNYS
METpF,"OpenApiException: OpenApiException: (code=301600, trace_id=) invalid symbol",2025-03-18T14:11:45.328315,PFD,XNYS
MFApB,"OpenApiException: OpenApiException: (code=301600, trace_id=) invalid symbol",2025-03-18T14:11:45.328315,PFD,XNYS
MFApC,"OpenApiException: OpenApiException: (code=301600, trace_id=) invalid symbol",2025-03-18T14:11:45.328315,PFD,XNYS
MITTpA,"OpenApiException: OpenApiException: (code=301600, trace_id=) invalid symbol",2025-03-18T14:11:45.328315,PFD,XNYS
MITTpB,"OpenApiException: OpenApiException: (code=301600, trace_id=) invalid symbol",2025-03-18T14:11:45.328315,PFD,XNYS
MITTpC,"OpenApiException: OpenApiException: (code=301600, trace_id=) invalid symbol",2025-03-18T14:11:45.328315,PFD,XNYS
ML.WS,"OpenApiException: OpenApiException: (code=301600, trace_id=) invalid symbol",2025-03-18T14:11:45.328315,WARRANT,XNYS
MLHR,"OpenApiException: OpenApiException: (code=301600, trace_id=) invalid symbol",2025-03-18T14:11:45.328315,N/A,XNAS
MPCT,"OpenApiException: OpenApiException: (code=301600, trace_id=) invalid symbol",2025-03-18T14:11:45.328315,N/A,XNAS
MSG,"OpenApiException: OpenApiException: (code=301600, trace_id=) invalid symbol",2025-03-18T14:11:45.328315,CS,XNYS
MSpA,"OpenApiException: OpenApiException: (code=301600, trace_id=) invalid symbol",2025-03-18T14:11:45.328315,PFD,XNYS
MSpE,"OpenApiException: OpenApiException: (code=301600, trace_id=) invalid symbol",2025-03-18T14:11:45.328315,PFD,XNYS
MSpF,"OpenApiException: OpenApiException: (code=301600, trace_id=) invalid symbol",2025-03-18T14:11:45.328315,PFD,XNYS
MSpI,"OpenApiException: OpenApiException: (code=301600, trace_id=) invalid symbol",2025-03-18T14:11:45.328315,PFD,XNYS
MSpK,"OpenApiException: OpenApiException: (code=301600, trace_id=) invalid symbol",2025-03-18T14:11:45.328315,PFD,XNYS
MSpL,"OpenApiException: OpenApiException: (code=301600, trace_id=) invalid symbol",2025-03-18T14:11:45.328315,PFD,XNYS
MSpO,"OpenApiException: OpenApiException: (code=301600, trace_id=) invalid symbol",2025-03-18T14:11:45.328315,PFD,XNYS
MSpP,"OpenApiException: OpenApiException: (code=301600, trace_id=) invalid symbol",2025-03-18T14:11:45.328315,PFD,XNYS
MSpQ,"OpenApiException: OpenApiException: (code=301600, trace_id=) invalid symbol",2025-03-18T14:11:45.328315,PFD,XNYS
MTBpH,"OpenApiException: OpenApiException: (code=301600, trace_id=) invalid symbol",2025-03-18T14:11:45.328315,PFD,XNYS
MTBpJ,"OpenApiException: OpenApiException: (code=301600, trace_id=) invalid symbol",2025-03-18T14:11:45.328315,PFD,XNYS
MTK,"OpenApiException: OpenApiException: (code=301600, trace_id=) invalid symbol",2025-03-18T14:11:45.328315,INDEX,ARCX
MTU,"OpenApiException: OpenApiException: (code=301600, trace_id=) invalid symbol",2025-03-18T14:11:45.328315,CS,XNYS
NCBS,"OpenApiException: OpenApiException: (code=301600, trace_id=) invalid symbol",2025-03-18T14:11:45.328315,N/A,XNAS
NCR,"OpenApiException: OpenApiException: (code=301600, trace_id=) invalid symbol",2025-03-18T14:11:45.328315,CS,XNYS
NCVpA,"OpenApiException: OpenApiException: (code=301600, trace_id=) invalid symbol",2025-03-18T14:11:45.328315,PFD,XNYS
NCZpA,"OpenApiException: OpenApiException: (code=301600, trace_id=) invalid symbol",2025-03-18T14:11:45.328315,PFD,XNYS
NE.WS,"OpenApiException: OpenApiException: (code=301600, trace_id=) invalid symbol",2025-03-18T14:11:45.328315,WARRANT,XNYS
NE.WS.A,"OpenApiException: OpenApiException: (code=301600, trace_id=) invalid symbol",2025-03-18T14:11:45.328315,WARRANT,XNYS
NEEpN,"OpenApiException: OpenApiException: (code=301600, trace_id=) invalid symbol",2025-03-18T14:11:45.328315,SP,XNYS
NEEpR,"OpenApiException: OpenApiException: (code=301600, trace_id=) invalid symbol",2025-03-18T14:11:45.328315,SP,XNYS
NEEpS,"OpenApiException: OpenApiException: (code=301600, trace_id=) invalid symbol",2025-03-18T14:11:45.328315,SP,XNYS
NEEpT,"OpenApiException: OpenApiException: (code=301600, trace_id=) invalid symbol",2025-03-18T14:11:45.328315,SP,XNYS
NGLpB,"OpenApiException: OpenApiException: (code=301600, trace_id=) invalid symbol",2025-03-18T14:11:45.328315,PFD,XNYS
NGLpC,"OpenApiException: OpenApiException: (code=301600, trace_id=) invalid symbol",2025-03-18T14:11:45.328315,PFD,XNYS
NHF,"OpenApiException: OpenApiException: (code=301600, trace_id=) invalid symbol",2025-03-18T14:11:45.328315,CS,XNYS
NLYpF,"OpenApiException: OpenApiException: (code=301600, trace_id=) invalid symbol",2025-03-18T14:11:45.328315,PFD,XNYS
NLYpG,"OpenApiException: OpenApiException: (code=301600, trace_id=) invalid symbol",2025-03-18T14:11:45.328315,PFD,XNYS
NLYpI,"OpenApiException: OpenApiException: (code=301600, trace_id=) invalid symbol",2025-03-18T14:11:45.328315,PFD,XNYS
NREFpA,"OpenApiException: OpenApiException: (code=301600, trace_id=) invalid symbol",2025-03-18T14:11:45.328315,PFD,XNYS
NRZ,"OpenApiException: OpenApiException: (code=301600, trace_id=) invalid symbol",2025-03-18T14:11:45.328315,CS,XNYS
NSApA,"OpenApiException: OpenApiException: (code=301600, trace_id=) invalid symbol",2025-03-18T14:11:45.328315,PFD,XNYS
NSApB,"OpenApiException: OpenApiException: (code=301600, trace_id=) invalid symbol",2025-03-18T14:11:45.328315,PFD,XNYS
NUVB.WS,"OpenApiException: OpenApiException: (code=301600, trace_id=) invalid symbol",2025-03-18T14:11:45.328315,WARRANT,XNYS
NXDTpA,"OpenApiException: OpenApiException: (code=301600, trace_id=) invalid symbol",2025-03-18T14:11:45.328315,PFD,XNYS
OAKpA,"OpenApiException: OpenApiException: (code=301600, trace_id=) invalid symbol",2025-03-18T14:11:45.328315,PFD,XNYS
OAKpB,"OpenApiException: OpenApiException: (code=301600, trace_id=) invalid symbol",2025-03-18T14:11:45.328315,PFD,XNYS
ONEK,"OpenApiException: OpenApiException: (code=301600, trace_id=) invalid symbol",2025-03-18T14:11:45.328315,INDEX,ARCX
OPFI.WS,"OpenApiException: OpenApiException: (code=301600, trace_id=) invalid symbol",2025-03-18T14:11:45.328315,WARRANT,XNYS
OPPpA,"OpenApiException: OpenApiException: (code=301600, trace_id=) invalid symbol",2025-03-18T14:11:45.328315,PFD,XNYS
OPPpB,"OpenApiException: OpenApiException: (code=301600, trace_id=) invalid symbol",2025-03-18T14:11:45.328315,PFD,XNYS
OPPpC,"OpenApiException: OpenApiException: (code=301600, trace_id=) invalid symbol",2025-03-18T14:11:45.328315,PFD,XASE
OXBR.W,"OpenApiException: OpenApiException: (code=301600, trace_id=) invalid symbol",2025-03-18T14:11:45.328315,N/A,XNAS
OXY.WS,"OpenApiException: OpenApiException: (code=301600, trace_id=) invalid symbol",2025-03-18T14:11:45.328315,WARRANT,XNYS
PBIpB,"OpenApiException: OpenApiException: (code=301600, trace_id=) invalid symbol",2025-03-18T14:11:45.328315,PFD,XNYS
PCGpA,"OpenApiException: OpenApiException: (code=301600, trace_id=) invalid symbol",2025-03-18T14:11:45.328315,PFD,XASE
PCGpB,"OpenApiException: OpenApiException: (code=301600, trace_id=) invalid symbol",2025-03-18T14:11:45.328315,PFD,XASE
PCGpC,"OpenApiException: OpenApiException: (code=301600, trace_id=) invalid symbol",2025-03-18T14:11:45.328315,PFD,XASE
PCGpD,"OpenApiException: OpenApiException: (code=301600, trace_id=) invalid symbol",2025-03-18T14:11:45.328315,PFD,XASE
PCGpE,"OpenApiException: OpenApiException: (code=301600, trace_id=) invalid symbol",2025-03-18T14:11:45.328315,PFD,XASE
PCGpG,"OpenApiException: OpenApiException: (code=301600, trace_id=) invalid symbol",2025-03-18T14:11:45.328315,PFD,XASE
PCGpH,"OpenApiException: OpenApiException: (code=301600, trace_id=) invalid symbol",2025-03-18T14:11:45.328315,PFD,XASE
PCGpI,"OpenApiException: OpenApiException: (code=301600, trace_id=) invalid symbol",2025-03-18T14:11:45.328315,PFD,XASE
PCGpX,"OpenApiException: OpenApiException: (code=301600, trace_id=) invalid symbol",2025-03-18T14:11:45.328315,SP,XNYS
PCYG,"OpenApiException: OpenApiException: (code=301600, trace_id=) invalid symbol",2025-03-18T14:11:45.328315,N/A,XNAS
PEBpE,"OpenApiException: OpenApiException: (code=301600, trace_id=) invalid symbol",2025-03-18T14:11:45.328315,PFD,XNYS
PEBpF,"OpenApiException: OpenApiException: (code=301600, trace_id=) invalid symbol",2025-03-18T14:11:45.328315,PFD,XNYS
PEBpG,"OpenApiException: OpenApiException: (code=301600, trace_id=) invalid symbol",2025-03-18T14:11:45.328315,PFD,XNYS
PEBpH,"OpenApiException: OpenApiException: (code=301600, trace_id=) invalid symbol",2025-03-18T14:11:45.328315,PFD,XNYS
PFMT,"OpenApiException: OpenApiException: (code=301600, trace_id=) invalid symbol",2025-03-18T14:11:45.328315,CS,XNAS
PKI,"OpenApiException: OpenApiException: (code=301600, trace_id=) invalid symbol",2025-03-18T14:11:45.328315,CS,XNYS
PL.WS,"OpenApiException: OpenApiException: (code=301600, trace_id=) invalid symbol",2025-03-18T14:11:45.328315,WARRANT,XNYS
PMTpA,"OpenApiException: OpenApiException: (code=301600, trace_id=) invalid symbol",2025-03-18T14:11:45.328315,PFD,XNYS
PMTpB,"OpenApiException: OpenApiException: (code=301600, trace_id=) invalid symbol",2025-03-18T14:11:45.328315,PFD,XNYS
PMTpC,"OpenApiException: OpenApiException: (code=301600, trace_id=) invalid symbol",2025-03-18T14:11:45.328315,PFD,XNYS
PRIFpD,"OpenApiException: OpenApiException: (code=301600, trace_id=) invalid symbol",2025-03-18T14:11:45.328315,PFD,XNYS
PRIFpF,"OpenApiException: OpenApiException: (code=301600, trace_id=) invalid symbol",2025-03-18T14:11:45.328315,PFD,XNYS
PRIFpH,"OpenApiException: OpenApiException: (code=301600, trace_id=) invalid symbol",2025-03-18T14:11:45.328315,PFD,XNYS
PRIFpI,"OpenApiException: OpenApiException: (code=301600, trace_id=) invalid symbol",2025-03-18T14:11:45.328315,PFD,XNYS
PRIFpJ,"OpenApiException: OpenApiException: (code=301600, trace_id=) invalid symbol",2025-03-18T14:11:45.328315,PFD,XNYS
PRIFpK,"OpenApiException: OpenApiException: (code=301600, trace_id=) invalid symbol",2025-03-18T14:11:45.328315,PFD,XNYS
PRIFpL,"OpenApiException: OpenApiException: (code=301600, trace_id=) invalid symbol",2025-03-18T14:11:45.328315,PFD,XNYS
PSApF,"OpenApiException: OpenApiException: (code=301600, trace_id=) invalid symbol",2025-03-18T14:11:45.328315,PFD,XNYS
PSApG,"OpenApiException: OpenApiException: (code=301600, trace_id=) invalid symbol",2025-03-18T14:11:45.328315,PFD,XNYS
PSApH,"OpenApiException: OpenApiException: (code=301600, trace_id=) invalid symbol",2025-03-18T14:11:45.328315,PFD,XNYS
PSApI,"OpenApiException: OpenApiException: (code=301600, trace_id=) invalid symbol",2025-03-18T14:11:45.328315,PFD,XNYS
PSApJ,"OpenApiException: OpenApiException: (code=301600, trace_id=) invalid symbol",2025-03-18T14:11:45.328315,PFD,XNYS
PSApK,"OpenApiException: OpenApiException: (code=301600, trace_id=) invalid symbol",2025-03-18T14:11:45.328315,PFD,XNYS
PSApL,"OpenApiException: OpenApiException: (code=301600, trace_id=) invalid symbol",2025-03-18T14:11:45.328315,PFD,XNYS
PSApM,"OpenApiException: OpenApiException: (code=301600, trace_id=) invalid symbol",2025-03-18T14:11:45.328315,PFD,XNYS
PSApN,"OpenApiException: OpenApiException: (code=301600, trace_id=) invalid symbol",2025-03-18T14:11:45.328315,PFD,XNYS
PSApO,"OpenApiException: OpenApiException: (code=301600, trace_id=) invalid symbol",2025-03-18T14:11:45.328315,PFD,XNYS
PSApP,"OpenApiException: OpenApiException: (code=301600, trace_id=) invalid symbol",2025-03-18T14:11:45.328315,PFD,XNYS
PSApQ,"OpenApiException: OpenApiException: (code=301600, trace_id=) invalid symbol",2025-03-18T14:11:45.328315,PFD,XNYS
PSApR,"OpenApiException: OpenApiException: (code=301600, trace_id=) invalid symbol",2025-03-18T14:11:45.328315,PFD,XNYS
PSApS,"OpenApiException: OpenApiException: (code=301600, trace_id=) invalid symbol",2025-03-18T14:11:45.328315,PFD,XNYS
PSECpA,"OpenApiException: OpenApiException: (code=301600, trace_id=) invalid symbol",2025-03-18T14:11:45.328315,PFD,XNYS
PSFE.WS,"OpenApiException: OpenApiException: (code=301600, trace_id=) invalid symbol",2025-03-18T14:11:45.328315,WARRANT,XNYS
PWpA,"OpenApiException: OpenApiException: (code=301600, trace_id=) invalid symbol",2025-03-18T14:11:45.328315,PFD,XASE
PXMG,"OpenApiException: OpenApiException: (code=301600, trace_id=) invalid symbol",2025-03-18T14:11:45.328315,ETF,ARCX
QBTS.WS,"OpenApiException: OpenApiException: (code=301600, trace_id=) invalid symbol",2025-03-18T14:11:45.328315,WARRANT,XNYS
RAYC,OpenApiException: OpenApiException: Client is closed,2025-03-18T14:11:45.328315,ETF,ARCX
RBCA.A,"OpenApiException: OpenApiException: (code=301600, trace_id=) invalid symbol",2025-03-18T14:11:45.328315,N/A,XNAS
RBOT.WS,"OpenApiException: OpenApiException: (code=301600, trace_id=) invalid symbol",2025-03-18T14:11:45.328315,WARRANT,XNYS
RCII,"OpenApiException: OpenApiException: (code=301600, trace_id=) invalid symbol",2025-03-18T14:11:45.328315,N/A,XNAS
RCpC,"OpenApiException: OpenApiException: (code=301600, trace_id=) invalid symbol",2025-03-18T14:11:45.328817,PFD,XNYS
RCpE,"OpenApiException: OpenApiException: (code=301600, trace_id=) invalid symbol",2025-03-18T14:11:45.328817,PFD,XNYS
RDW.WS,"OpenApiException: OpenApiException: (code=301600, trace_id=) invalid symbol",2025-03-18T14:11:45.328817,WARRANT,XNYS
RECN,"OpenApiException: OpenApiException: (code=301600, trace_id=) invalid symbol",2025-03-18T14:11:45.328817,N/A,XNAS
REXRpB,"OpenApiException: OpenApiException: (code=301600, trace_id=) invalid symbol",2025-03-18T14:11:45.328817,PFD,XNYS
REXRpC,"OpenApiException: OpenApiException: (code=301600, trace_id=) invalid symbol",2025-03-18T14:11:45.328817,PFD,XNYS
RFpC,"OpenApiException: OpenApiException: (code=301600, trace_id=) invalid symbol",2025-03-18T14:11:45.328817,PFD,XNYS
RFpE,"OpenApiException: OpenApiException: (code=301600, trace_id=) invalid symbol",2025-03-18T14:11:45.328817,PFD,XNYS
RFpF,"OpenApiException: OpenApiException: (code=301600, trace_id=) invalid symbol",2025-03-18T14:11:45.328817,PFD,XNYS
RITMpA,"OpenApiException: OpenApiException: (code=301600, trace_id=) invalid symbol",2025-03-18T14:11:45.328817,PFD,XNYS
RITMpB,"OpenApiException: OpenApiException: (code=301600, trace_id=) invalid symbol",2025-03-18T14:11:45.328817,PFD,XNYS
RITMpC,"OpenApiException: OpenApiException: (code=301600, trace_id=) invalid symbol",2025-03-18T14:11:45.328817,PFD,XNYS
RITMpD,"OpenApiException: OpenApiException: (code=301600, trace_id=) invalid symbol",2025-03-18T14:11:45.328817,PFD,XNYS
RIVpA,"OpenApiException: OpenApiException: (code=301600, trace_id=) invalid symbol",2025-03-18T14:11:45.328817,PFD,XNYS
RJFpB,"OpenApiException: OpenApiException: (code=301600, trace_id=) invalid symbol",2025-03-18T14:11:45.328817,PFD,XNYS
RLJpA,"OpenApiException: OpenApiException: (code=301600, trace_id=) invalid symbol",2025-03-18T14:11:45.328817,PFD,XNYS
RNRpF,"OpenApiException: OpenApiException: (code=301600, trace_id=) invalid symbol",2025-03-18T14:11:45.328817,PFD,XNYS
RNRpG,"OpenApiException: OpenApiException: (code=301600, trace_id=) invalid symbol",2025-03-18T14:11:45.328817,PFD,XNYS
ROGS,"OpenApiException: OpenApiException: (code=301600, trace_id=) invalid symbol",2025-03-18T14:11:45.328817,INDEX,ARCX
RPTpC,"OpenApiException: OpenApiException: (code=301600, trace_id=) invalid symbol",2025-03-18T14:11:45.328817,PFD,XNYS
RSCO,"OpenApiException: OpenApiException: (code=301600, trace_id=) invalid symbol",2025-03-18T14:11:45.328817,INDEX,ARCX
RUSH.A,"OpenApiException: OpenApiException: (code=301600, trace_id=) invalid symbol",2025-03-18T14:11:45.328817,N/A,XNAS
RUSH.B,"OpenApiException: OpenApiException: (code=301600, trace_id=) invalid symbol",2025-03-18T14:11:45.328817,N/A,XNAS
RWTpA,"OpenApiException: OpenApiException: (code=301600, trace_id=) invalid symbol",2025-03-18T14:11:45.328817,PFD,XNYS
RYAA.Y,"OpenApiException: OpenApiException: (code=301600, trace_id=) invalid symbol",2025-03-18T14:11:45.328817,N/A,XNAS
SACHpA,"OpenApiException: OpenApiException: (code=301600, trace_id=) invalid symbol",2025-03-18T14:11:45.328817,PFD,XASE
SBEV.WS,"OpenApiException: OpenApiException: (code=301600, trace_id=) invalid symbol",2025-03-18T14:11:45.328817,WARRANT,XASE
SBXD.WS,"OpenApiException: OpenApiException: (code=301600, trace_id=) invalid symbol",2025-03-18T14:11:45.328817,WARRANT,XNYS
SBpC,"OpenApiException: OpenApiException: (code=301600, trace_id=) invalid symbol",2025-03-18T14:11:45.328817,PFD,XNYS
SBpD,"OpenApiException: OpenApiException: (code=301600, trace_id=) invalid symbol",2025-03-18T14:11:45.328817,PFD,XNYS
SCEpG,"OpenApiException: OpenApiException: (code=301600, trace_id=) invalid symbol",2025-03-18T14:11:45.328817,PFD,XNYS
SCEpJ,"OpenApiException: OpenApiException: (code=301600, trace_id=) invalid symbol",2025-03-18T14:11:45.328817,PFD,XNYS
SCEpK,"OpenApiException: OpenApiException: (code=301600, trace_id=) invalid symbol",2025-03-18T14:11:45.328817,PFD,XNYS
SCEpL,"OpenApiException: OpenApiException: (code=301600, trace_id=) invalid symbol",2025-03-18T14:11:45.328817,SP,XNYS
SCEpM,"OpenApiException: OpenApiException: (code=301600, trace_id=) invalid symbol",2025-03-18T14:11:45.328817,SP,XNYS
SCEpN,"OpenApiException: OpenApiException: (code=301600, trace_id=) invalid symbol",2025-03-18T14:11:45.328817,SP,XNYS
SCHWpD,"OpenApiException: OpenApiException: (code=301600, trace_id=) invalid symbol",2025-03-18T14:11:45.328817,PFD,XNYS
SCHWpJ,"OpenApiException: OpenApiException: (code=301600, trace_id=) invalid symbol",2025-03-18T14:11:45.328817,PFD,XNYS
SCPB,"OpenApiException: OpenApiException: (code=301600, trace_id=) invalid symbol",2025-03-18T14:11:45.328817,INDEX,ARCX
SEALpA,"OpenApiException: OpenApiException: (code=301600, trace_id=) invalid symbol",2025-03-18T14:11:45.328817,PFD,XNYS
SEALpB,"OpenApiException: OpenApiException: (code=301600, trace_id=) invalid symbol",2025-03-18T14:11:45.328817,PFD,XNYS
SENE.A,"OpenApiException: OpenApiException: (code=301600, trace_id=) invalid symbol",2025-03-18T14:11:45.328817,N/A,XNAS
SENE.B,"OpenApiException: OpenApiException: (code=301600, trace_id=) invalid symbol",2025-03-18T14:11:45.328817,N/A,XNAS
SES.WS,"OpenApiException: OpenApiException: (code=301600, trace_id=) invalid symbol",2025-03-18T14:11:45.328817,WARRANT,XNYS
SFpB,"OpenApiException: OpenApiException: (code=301600, trace_id=) invalid symbol",2025-03-18T14:11:45.328817,PFD,XNYS
SFpC,"OpenApiException: OpenApiException: (code=301600, trace_id=) invalid symbol",2025-03-18T14:11:45.328817,PFD,XNYS
SFpD,"OpenApiException: OpenApiException: (code=301600, trace_id=) invalid symbol",2025-03-18T14:11:45.328817,PFD,XNYS
SHOpH,"OpenApiException: OpenApiException: (code=301600, trace_id=) invalid symbol",2025-03-18T14:11:45.328817,PFD,XNYS
SHOpI,"OpenApiException: OpenApiException: (code=301600, trace_id=) invalid symbol",2025-03-18T14:11:45.328817,PFD,XNYS
SKYH.WS,"OpenApiException: OpenApiException: (code=301600, trace_id=) invalid symbol",2025-03-18T14:11:45.328817,WARRANT,XNYS
SLGpI,"OpenApiException: OpenApiException: (code=301600, trace_id=) invalid symbol",2025-03-18T14:11:45.328817,PFD,XNYS
SLMB.P,"OpenApiException: OpenApiException: (code=301600, trace_id=) invalid symbol",2025-03-18T14:11:45.328817,N/A,XNAS
SLND.WS,"OpenApiException: OpenApiException: (code=301600, trace_id=) invalid symbol",2025-03-18T14:11:45.328817,WARRANT,XASE
SNE,"OpenApiException: OpenApiException: (code=301600, trace_id=) invalid symbol",2025-03-18T14:11:45.328817,CS,XNYS
SNFC.A,"OpenApiException: OpenApiException: (code=301600, trace_id=) invalid symbol",2025-03-18T14:11:45.328817,N/A,XNAS
SNVpD,"OpenApiException: OpenApiException: (code=301600, trace_id=) invalid symbol",2025-03-18T14:11:45.328817,PFD,XNYS
SNVpE,"OpenApiException: OpenApiException: (code=301600, trace_id=) invalid symbol",2025-03-18T14:11:45.328817,PFD,XNYS
SPEpC,"OpenApiException: OpenApiException: (code=301600, trace_id=) invalid symbol",2025-03-18T14:11:45.328817,SP,XNYS
SPGpJ,"OpenApiException: OpenApiException: (code=301600, trace_id=) invalid symbol",2025-03-18T14:11:45.328817,PFD,XNYS
SPLPpA,"OpenApiException: OpenApiException: (code=301600, trace_id=) invalid symbol",2025-03-18T14:11:45.328817,PFD,XNYS
SPNTpB,"OpenApiException: OpenApiException: (code=301600, trace_id=) invalid symbol",2025-03-18T14:11:45.328817,PFD,XNYS
SRGpA,"OpenApiException: OpenApiException: (code=301600, trace_id=) invalid symbol",2025-03-18T14:11:45.328817,PFD,XNYS
SRpA,"OpenApiException: OpenApiException: (code=301600, trace_id=) invalid symbol",2025-03-18T14:11:45.328817,PFD,XNYS
SST.WS,"OpenApiException: OpenApiException: (code=301600, trace_id=) invalid symbol",2025-03-18T14:11:45.328817,WARRANT,XNYS
STTpG,"OpenApiException: OpenApiException: (code=301600, trace_id=) invalid symbol",2025-03-18T14:11:45.328817,PFD,XNYS
SYFpA,"OpenApiException: OpenApiException: (code=301600, trace_id=) invalid symbol",2025-03-18T14:11:45.328817,PFD,XNYS
SYFpB,"OpenApiException: OpenApiException: (code=301600, trace_id=) invalid symbol",2025-03-18T14:11:45.328817,PFD,XNYS
TBK,"OpenApiException: OpenApiException: (code=301600, trace_id=) invalid symbol",2025-03-18T14:11:45.328817,N/A,XNAS
TCK,"OpenApiException: OpenApiException: (code=301600, trace_id=) invalid symbol",2025-03-18T14:11:45.328817,CS,XNYS
TDSpU,"OpenApiException: OpenApiException: (code=301600, trace_id=) invalid symbol",2025-03-18T14:11:45.328817,PFD,XNYS
TDSpV,"OpenApiException: OpenApiException: (code=301600, trace_id=) invalid symbol",2025-03-18T14:11:45.328817,PFD,XNYS
TENpE,"OpenApiException: OpenApiException: (code=301600, trace_id=) invalid symbol",2025-03-18T14:11:45.328817,PFD,XNYS
TENpF,"OpenApiException: OpenApiException: (code=301600, trace_id=) invalid symbol",2025-03-18T14:11:45.328817,PFD,XNYS
TFCpI,"OpenApiException: OpenApiException: (code=301600, trace_id=) invalid symbol",2025-03-18T14:11:45.328817,PFD,XNYS
TFCpO,"OpenApiException: OpenApiException: (code=301600, trace_id=) invalid symbol",2025-03-18T14:11:45.328817,PFD,XNYS
TFCpR,"OpenApiException: OpenApiException: (code=301600, trace_id=) invalid symbol",2025-03-18T14:11:45.328817,PFD,XNYS
TOT,"OpenApiException: OpenApiException: (code=301600, trace_id=) invalid symbol",2025-03-18T14:11:45.328817,CS,XNYS
TRTNpA,"OpenApiException: OpenApiException: (code=301600, trace_id=) invalid symbol",2025-03-18T14:11:45.328817,PFD,XNYS
TRTNpB,"OpenApiException: OpenApiException: (code=301600, trace_id=) invalid symbol",2025-03-18T14:11:45.328817,PFD,XNYS
TRTNpC,"OpenApiException: OpenApiException: (code=301600, trace_id=) invalid symbol",2025-03-18T14:11:45.328817,PFD,XNYS
TRTNpD,"OpenApiException: OpenApiException: (code=301600, trace_id=) invalid symbol",2025-03-18T14:11:45.328817,PFD,XNYS
TRTNpE,"OpenApiException: OpenApiException: (code=301600, trace_id=) invalid symbol",2025-03-18T14:11:45.328817,PFD,XNYS
TRTNpF,"OpenApiException: OpenApiException: (code=301600, trace_id=) invalid symbol",2025-03-18T14:11:45.328817,PFD,XNYS
TRTXpC,"OpenApiException: OpenApiException: (code=301600, trace_id=) invalid symbol",2025-03-18T14:11:45.328817,PFD,XNYS
TTS,"OpenApiException: OpenApiException: (code=301600, trace_id=) invalid symbol",2025-03-18T14:11:45.328817,N/A,XNAS
TWOpA,"OpenApiException: OpenApiException: (code=301600, trace_id=) invalid symbol",2025-03-18T14:11:45.328817,PFD,XNYS
TWOpB,"OpenApiException: OpenApiException: (code=301600, trace_id=) invalid symbol",2025-03-18T14:11:45.328817,PFD,XNYS
TWOpC,"OpenApiException: OpenApiException: (code=301600, trace_id=) invalid symbol",2025-03-18T14:11:45.328817,PFD,XNYS
TYp,"OpenApiException: OpenApiException: (code=301600, trace_id=) invalid symbol",2025-03-18T14:11:45.328817,PFD,XNYS
TpA,"OpenApiException: OpenApiException: (code=301600, trace_id=) invalid symbol",2025-03-18T14:11:45.328817,PFD,XNYS
TpC,"OpenApiException: OpenApiException: (code=301600, trace_id=) invalid symbol",2025-03-18T14:11:45.328817,PFD,XNYS
UCBpI,"OpenApiException: OpenApiException: (code=301600, trace_id=) invalid symbol",2025-03-18T14:11:45.328817,PFD,XNYS
UMHpD,"OpenApiException: OpenApiException: (code=301600, trace_id=) invalid symbol",2025-03-18T14:11:45.328817,PFD,XNYS
USBpA,"OpenApiException: OpenApiException: (code=301600, trace_id=) invalid symbol",2025-03-18T14:11:45.328817,PFD,XNYS
USBpH,"OpenApiException: OpenApiException: (code=301600, trace_id=) invalid symbol",2025-03-18T14:11:45.328817,PFD,XNYS
USBpP,"OpenApiException: OpenApiException: (code=301600, trace_id=) invalid symbol",2025-03-18T14:11:45.328817,PFD,XNYS
USBpQ,"OpenApiException: OpenApiException: (code=301600, trace_id=) invalid symbol",2025-03-18T14:11:45.328817,PFD,XNYS
USBpR,"OpenApiException: OpenApiException: (code=301600, trace_id=) invalid symbol",2025-03-18T14:11:45.328817,PFD,XNYS
USBpS,"OpenApiException: OpenApiException: (code=301600, trace_id=) invalid symbol",2025-03-18T14:11:45.328817,PFD,XNYS
UWMC.WS,"OpenApiException: OpenApiException: (code=301600, trace_id=) invalid symbol",2025-03-18T14:11:45.328817,WARRANT,XNYS
VAL.WS,"OpenApiException: OpenApiException: (code=301600, trace_id=) invalid symbol",2025-03-18T14:11:45.328817,WARRANT,XNYS
VEC,"OpenApiException: OpenApiException: (code=301600, trace_id=) invalid symbol",2025-03-18T14:11:45.328817,CS,XNYS
VLGE.A,"OpenApiException: OpenApiException: (code=301600, trace_id=) invalid symbol",2025-03-18T14:11:45.328817,N/A,XNAS
VLN.WS,"OpenApiException: OpenApiException: (code=301600, trace_id=) invalid symbol",2025-03-18T14:11:45.328817,WARRANT,XNYS
VNOpL,"OpenApiException: OpenApiException: (code=301600, trace_id=) invalid symbol",2025-03-18T14:11:45.328817,PFD,XNYS
VNOpM,"OpenApiException: OpenApiException: (code=301600, trace_id=) invalid symbol",2025-03-18T14:11:45.328817,PFD,XNYS
VNOpN,"OpenApiException: OpenApiException: (code=301600, trace_id=) invalid symbol",2025-03-18T14:11:45.328817,PFD,XNYS
VNOpO,"OpenApiException: OpenApiException: (code=301600, trace_id=) invalid symbol",2025-03-18T14:11:45.328817,PFD,XNYS
VOYApB,"OpenApiException: OpenApiException: (code=301600, trace_id=) invalid symbol",2025-03-18T14:11:45.328817,PFD,XNYS
WALpA,"OpenApiException: OpenApiException: (code=301600, trace_id=) invalid symbol",2025-03-18T14:11:45.328817,PFD,XNYS
WBSpF,"OpenApiException: OpenApiException: (code=301600, trace_id=) invalid symbol",2025-03-18T14:11:45.328817,PFD,XNYS
WBSpG,"OpenApiException: OpenApiException: (code=301600, trace_id=) invalid symbol",2025-03-18T14:11:45.328817,PFD,XNYS
WBX.WS,"OpenApiException: OpenApiException: (code=301600, trace_id=) invalid symbol",2025-03-18T14:11:45.328817,WARRANT,XNYS
WCCpA,"OpenApiException: OpenApiException: (code=301600, trace_id=) invalid symbol",2025-03-18T14:11:45.328817,PFD,XNYS
WDTI,"OpenApiException: OpenApiException: (code=301600, trace_id=) invalid symbol",2025-03-18T14:11:45.328817,INDEX,ARCX
WETF,"OpenApiException: OpenApiException: (code=301600, trace_id=) invalid symbol",2025-03-18T14:11:45.328817,N/A,XNAS
WFCpA,"OpenApiException: OpenApiException: (code=301600, trace_id=) invalid symbol",2025-03-18T14:11:45.328817,PFD,XNYS
WFCpC,"OpenApiException: OpenApiException: (code=301600, trace_id=) invalid symbol",2025-03-18T14:11:45.328817,PFD,XNYS
WFCpD,"OpenApiException: OpenApiException: (code=301600, trace_id=) invalid symbol",2025-03-18T14:11:45.328817,PFD,XNYS
WFCpL,"OpenApiException: OpenApiException: (code=301600, trace_id=) invalid symbol",2025-03-18T14:11:45.328817,PFD,XNYS
WFCpY,"OpenApiException: OpenApiException: (code=301600, trace_id=) invalid symbol",2025-03-18T14:11:45.328817,PFD,XNYS
WFCpZ,"OpenApiException: OpenApiException: (code=301600, trace_id=) invalid symbol",2025-03-18T14:11:45.328817,PFD,XNYS
WLTW,"OpenApiException: OpenApiException: (code=301600, trace_id=) invalid symbol",2025-03-18T14:11:45.328817,N/A,XNAS
WRBpE,"OpenApiException: OpenApiException: (code=301600, trace_id=) invalid symbol",2025-03-18T14:11:45.328817,SP,XNYS
WRBpF,"OpenApiException: OpenApiException: (code=301600, trace_id=) invalid symbol",2025-03-18T14:11:45.328817,PFD,XNYS
WRBpG,"OpenApiException: OpenApiException: (code=301600, trace_id=) invalid symbol",2025-03-18T14:11:45.328817,SP,XNYS
WRBpH,"OpenApiException: OpenApiException: (code=301600, trace_id=) invalid symbol",2025-03-18T14:11:45.328817,SP,XNYS
WVVI.P,"OpenApiException: OpenApiException: (code=301600, trace_id=) invalid symbol",2025-03-18T14:11:45.328817,N/A,XNAS
XFLTpA,"OpenApiException: OpenApiException: (code=301600, trace_id=) invalid symbol",2025-03-18T14:11:45.328817,PFD,XNYS
YCBDpA,"OpenApiException: OpenApiException: (code=301600, trace_id=) invalid symbol",2025-03-18T14:11:45.328817,PFD,XASE
