Date,Symbol,Company,Type,Split Ratio
2025-03-07,IMII,Inception Mining,Reverse,1 for 1000.00
2025-03-07,RETO,Reto Eco-Solutions,Reverse,1 for 10.00
2025-03-07,TIVC,"Tivic Health Systems, Inc.",Reverse,1 for 17.00
2025-03-06,STMGF,Stamper Oil & Gas Corp,Reverse,1 for 10.00
2025-03-05,BITRF,Biotron Limited,Forward,1.00 for 1
2025-03-05,TR,"Tootsie Roll Industries, Inc.",Forward,0.97 for 1
2025-03-04,VERO,Venus Concept,Reverse,1 for 11.00
2025-03-03,BLNE,Eastside Distilling Inc,Reverse,1 for 10.00
2025-03-03,EDBL,"Edible Garden AG , Inc.",Reverse,1 for 25.00
2025-03-03,STBX,Starbox Group Holdings Ltd.,Reverse,1 for 10.00
2025-03-03,CLEU,China Liberal Education Holdings Ltd,Reverse,1 for 80.00
2025-03-03,LICN,Lichen China Ltd. Class A,Reverse,1 for 200.00
2025-02-28,CHKKF,Chakana Copper Corp,Reverse,1 for 10.00
2025-02-28,WECFF,White Energy Company Limited,Forward,1.00 for 1
2025-02-28,FNRN,First Northern Community Bancorp,Forward,0.95 for 1
2025-02-28,IX,Orix Corp Ads,Forward,0.20 for 1
2025-02-26,KPTI,Karyopharm Therapeutics INC,Reverse,1 for 15.00
2025-02-26,AEON,"Aeon Biopharma, Inc.",Reverse,1 for 72.00
2025-02-26,APTO,Aptose Biosciences,Reverse,1 for 30.00
2025-02-25,RHCGF,Ryman Healthcare ,Forward,0.93 for 1
2025-02-25,SXTC,China Sxt Pharmaceuticals,Reverse,1 for 8.00
2025-02-25,UPBMF,United Plantations Bhd,Forward,0.67 for 1
2025-02-25,LODE,Comstock Mining,Reverse,1 for 10.00
2025-02-25,HEGLF,Peak Minerals Limited,Forward,1.00 for 1
2025-02-24,HWH,Hwh International Inc.,Reverse,1 for 5.00
2025-02-24,SXTP,"60 Degrees Pharmaceuticals, Inc.",Reverse,1 for 5.00
2025-02-24,GRI,"Gri Bio, Inc.",Reverse,1 for 17.00
2025-02-24,SOAR,"Volato Group, Inc.",Reverse,1 for 25.00
2025-02-21,CNSP,"Cns Pharmaceuticals, Inc.",Reverse,1 for 50.00
2025-02-21,SVRE,SaverOne 2014 Ltd. ADR,Reverse,1 for 13.33
2025-02-21,WINT,Windtree Therapeutics Inc,Reverse,1 for 50.00
2025-02-20,CHWRF,China Tower Corporation,Reverse,1 for 10.00
2025-02-19,KNWN,"Know Labs, Inc.",Reverse,1 for 40.00
2025-02-19,HTHIY,Hitachi Ltd,Forward,0.50 for 1
2025-02-18,OTLY,Oatly Group Ab,Reverse,1 for 20.00
2025-02-18,MEGL,Magic Empire Global Ltd.,Reverse,1 for 4.00
2025-02-18,SNMYF,Suncorp Group Limited,Reverse,1 for 1.17
2025-02-18,NEXN,Nexxen International Ltd.,Reverse,1 for 2.00
2025-02-18,CYN,Cyngn Inc.,Reverse,1 for 150.00
2025-02-18,FEAM,"5E Advanced Materials, Inc.",Reverse,1 for 23.00
2025-02-18,MULN,"Mullen Automotive, Inc.",Reverse,1 for 60.00
2025-02-18,BOXL,Boxlight,Reverse,1 for 5.00
2025-02-18,GB:NEXN,Nexxen International Ltd.,Reverse,1 for 2.00
2025-02-17,GB:NEXN,Nexxen International Ltd.,Reverse,1 for 2.00
2025-02-14,GB:NEXN,Nexxen International Ltd.,Reverse,1 for 2.00
2025-02-13,TANH,Tantech Holdings Ltd.,Reverse,1 for 40.00
2025-02-13,HYFM,Hydrofarm Holdings Group Inc,Reverse,1 for 10.00
2025-02-13,EPAZ,"Epazz, Inc.",Reverse,1 for 2500.00
2025-02-12,CATI,Lionsgate Ins,Reverse,1 for 1000.00
2025-02-11,SCCO,Southern Copper Corp,Forward,0.99 for 1
2025-02-11,NIVF,Newgenivf Group Limited,Reverse,1 for 20.00
2025-02-11,GSAT,Globalstar Inc,Reverse,1 for 15.00
2025-02-11,GOAI,"Eva Live, Inc.",Reverse,1 for 4.00
2025-02-10,BTAI,Bioxcel Therapeutics,Reverse,1 for 16.00
2025-02-10,RIME,"Algorhythm Holdings, Inc.",Reverse,1 for 200.00
2025-02-10,TCBP,TC Biopharm (Holdings) Plc Sponsored ADR,Reverse,1 for 20.00
2025-02-07,CNENF,Claren Energy Corp,Reverse,1 for 5.00
2025-02-07,FTLF,Fitlife Brands,Forward,0.50 for 1
2025-02-06,TRSI,Trophy Resources Inc.,Reverse,1 for 250.00
2025-02-06,PANDY,Pandora A/S (Otc),Forward,0.50 for 1
2025-02-05,TNXP,Tonix Pharmaceuticals,Reverse,1 for 100.00
2025-02-04,GCTK,"Glucotrack, Inc.",Reverse,1 for 20.00
2025-02-03,ACSAY,Actividades de Construccion y Servicios SA,Forward,0.99 for 1
2025-02-03,EYEN,Eyenovia,Reverse,1 for 80.00
2025-02-03,BTTC,Bimergen Energy Corporation,Reverse,1 for 140.00
2025-01-31,ZKIN,Zk International Group,Reverse,1 for 7.00
2025-01-31,FCUV,Focus Universal ,Reverse,1 for 10.00
2025-01-31,XTCYF,Pegasus Mercantile Inc.,Reverse,1 for 5.00
2025-01-30,BLRX,Bioline RX Ltd Sponsored ADR,Reverse,1 for 40.00
2025-01-30,CRKN,Crown Electrokinetics Corp.,Reverse,1 for 150.00
2025-01-30,ACON,"Aclarion, Inc.",Reverse,1 for 335.00
2025-01-30,ADZZF,Advance Residence Investment Corporation,Forward,0.50 for 1
2025-01-29,PPCB,Propanc Biopharma Inc,Reverse,1 for 60000.00
2025-01-29,PRMO,"Prom Resources, Inc.",Reverse,1 for 3200.00
2025-01-29,QGEN,Qiagen,Reverse,1 for 1.03
2025-01-29,ENVB,"Enveric Biosciences, Inc.",Reverse,1 for 15.00
2025-01-29,ACON,"Aclarion, Inc.",Reverse,1 for 370.00
2025-01-28,CNCT,Cluster Group Holdings Limited Co.,Reverse,1 for 100000.00
2025-01-28,VINC,Vincerx Pharma Inc,Reverse,1 for 20.00
2025-01-28,REVB,Revelation Biosciences Inc.,Reverse,1 for 16.00
2025-01-28,INKT,"Mink Therapeutics, Inc.",Reverse,1 for 10.00
2025-01-28,WHLR,Wheeler Real Estate,Reverse,1 for 4.00
2025-01-27,CLMOF,Climeon Ab Class B,Reverse,1 for 10.00
2025-01-27,CDT,Conduit Pharmaceuticals Inc.,Reverse,1 for 100.00
2025-01-27,GITS,"Global Interactive Technologies, Inc.",Reverse,1 for 20.00
2025-01-27,IVP,"Inspire Veterinary Partners, Inc. Class A",Reverse,1 for 25.00
2025-01-27,HAO,Haoxi Health Technology Limited Class A,Reverse,1 for 25.00
2025-01-27,BNGO,Bionano Genomics,Reverse,1 for 60.00
2025-01-27,FFPP,Fast Finance Pay Corp,Reverse,1 for 40.00
2025-01-24,BLTH,American Battery Materials Inc.,Reverse,1 for 5.00
2025-01-24,NMLSF,Restart Life Sciences Corp.,Reverse,1 for 2.00
2025-01-24,GNS,Genius Group Limited,Forward,1.00 for 1
2025-01-24,YI,"111, Inc.",Reverse,1 for 10.00
2025-01-23,FGRRF,Fingerprint Cards Ab,Forward,1.00 for 1
2025-01-23,BDPT,Bioadaptives Inc,Forward,0.50 for 1
2025-01-22,AASZF,Atlantic Sapphire Asa,Reverse,1 for 200.00
2025-01-21,SONG,Music Licensing Inc,Reverse,1 for 2500.00
2025-01-21,BQ,Boqii Holding Limited,Reverse,1 for 10.00
2025-01-21,GGAL,Grupo Financiero Galicia,Forward,1.00 for 1
2025-01-17,OUT,Outfront Media Inc,Reverse,1 for 1.02
2025-01-16,RLI,RLI Corp,Forward,0.50 for 1
2025-01-16,ALVR,Allovir Inc,Reverse,1 for 23.00
2025-01-16,MBIO,Mustang Bio,Reverse,1 for 50.00
2025-01-15,ODTC,Odonate Inc,Reverse,1 for 8.00
2025-01-15,VNTA,Ventana Global Inc,Reverse,1 for 20.00
2025-01-15,VIPRF,Silver Viper Minerals Corp,Reverse,1 for 10.00
2025-01-15,SMX,Smx (Security Matters) Public Limited Company,Reverse,1 for 28.50
2025-01-15,SVMH,Srivaru Holding Limited,Reverse,1 for 50.00
2025-01-15,ENRT,Enertopia Corp,Reverse,1 for 20.00
2025-01-15,THQQF,Embracer Group Ab Class B,Reverse,1 for 6.00
2025-01-14,EVAX,Evaxion Biotech A/S Adr,Reverse,1 for 5.00
2025-01-13,KNDYF,Kenadyr Metals Corp.,Reverse,1 for 6.00
2025-01-13,THCH,Th International Limited,Reverse,1 for 5.00
2025-01-13,OBT,"Orange County Bancorp, Inc.",Forward,0.50 for 1
2025-01-13,GORV,"Lazydays Holdings, Inc.",Forward,1.00 for 1
2025-01-10,XTIA,"Xti Aerospace, Inc.",Reverse,1 for 250.00
2025-01-10,CHMJF,Waverunner Capital Inc.,Reverse,1 for 15.00
2025-01-08,JXG,Jx Luxventure Limited,Reverse,1 for 4.00
2025-01-08,CERO,"Cero Therapeutics Holdings, Inc.",Reverse,1 for 100.00
2025-01-07,TCBP,TC Biopharm (Holdings) Plc Sponsored ADR,Forward,0.80 for 1
2025-01-06,RGF,"Real Good Food Company, Inc.",Reverse,1 for 12.00
2025-01-06,CMCT,Creative Media & Community Trust Corporation,Reverse,1 for 10.00
2025-01-06,IDAI,"T Stamp, Inc. Class A",Reverse,1 for 15.00
2025-01-06,SEVCF,Sono Group Nv,Reverse,1 for 75.00
2025-01-06,ODC,Oil-dri Corporation Of America,Forward,0.50 for 1
2025-01-03,MTH,Meritage Homes Corp,Forward,0.50 for 1
2025-01-03,ALUR,"Allurion Technologies, Inc.",Reverse,1 for 25.00
2025-01-02,ATCH,"Atlasclear Holdings, Inc.",Reverse,1 for 60.00
2025-01-02,TCBP,TC Biopharm (Holdings) Plc Sponsored ADR,Forward,0.80 for 1
2025-01-02,CISS,C3is Inc.,Reverse,1 for 2.50
2025-01-02,THCH,Th International Limited,Reverse,1 for 5.00
2025-01-02,CVLG,"Covenant Logistics Group, Inc.",Forward,0.50 for 1
2024-12-31,OPTN,Optinose,Reverse,1 for 15.00
2024-12-31,CARA,Cara Therapeutics,Reverse,1 for 12.00
2024-12-31,COEP,Coeptis Therapeutics Holdings Inc.,Reverse,1 for 20.00
2024-12-31,OST,"Ostin Technology Group Co., Ltd.",Reverse,1 for 10.00
2024-12-31,UNICY,Unicharm Corporation Sponsored ADR,Forward,0.83 for 1
2024-12-30,WPDPF,Wpd Pharmaceuticals Inc,Reverse,1 for 25.00
2024-12-30,JNVR,"Janover, Inc.",Reverse,1 for 8.00
2024-12-27,UNCHF,Unicharm Corporation,Forward,0.33 for 1
2024-12-27,JREIF,Japan Real Estate Investment Corp,Forward,0.20 for 1
2024-12-27,KELRF,Keisei Electric Railway Co ,Forward,0.33 for 1
2024-12-27,SYTA,Siyata Mobile Inc.,Reverse,1 for 10.00
2024-12-26,CRVL,Corvel,Forward,0.33 for 1
2024-12-26,LGMH,Veri Medtech Holdings Inc,Reverse,1 for 20.00
2024-12-24,GOEV,Canoo Inc.,Reverse,1 for 20.00
2024-12-24,MVCO,"Metavesco, Inc.",Forward,0.01 for 1
2024-12-24,CLEU,China Liberal Education Holdings Ltd,Reverse,1 for 15.00
2024-12-24,BNOX,Neuphoria Therapeutics Inc.,Reverse,1 for 12.00
2024-12-23,GLFH,"New Green Hemp, Inc.",Reverse,1 for 300.00
2024-12-23,GPACF,Geopacific Resources Limited,Forward,1.00 for 1
2024-12-23,ICCT,Icoreconnect Inc.,Reverse,1 for 20.00
2024-12-23,DGGXF,DigitalX Limited,Forward,1.00 for 1
2024-12-20,TSCO,Tractor Supply Company,Forward,0.20 for 1
2024-12-20,MLGF,Malaga Financial Corporation,Forward,0.95 for 1
2024-12-20,CLWY,"Calloway's Nursery, Inc.",Forward,1.00 for 1
2024-12-19,JAXAF,Jaxsta Limited,Forward,1.00 for 1
2024-12-18,MTC,"Mmtec, Inc.",Reverse,1 for 8.00
2024-12-17,XXII,22nd Century Group,Reverse,1 for 135.00
2024-12-17,CMGHF,Chaoda Modern Agriculture Holdings Ltd.,Reverse,1 for 20.00
2024-12-16,PATK,"Patrick Industries, Inc.",Forward,0.67 for 1
2024-12-16,PANW,Palo Alto Networks,Forward,0.50 for 1
2024-12-16,GTGEF,G2 Energy Corp.,Reverse,1 for 10.00
2024-12-16,MSIF,"MSC Income Fund, Inc.",Reverse,1 for 2.00
2024-12-13,SMNUF,PT Sarana Menara Nusantara Tbk,Forward,1.00 for 1
2024-12-13,MNTS,Momentus Inc.,Reverse,1 for 14.00
2024-12-13,DBGI,"Digital Brands Group, Inc.",Reverse,1 for 50.00
2024-12-13,MLGO,"Microalgo, Inc.",Reverse,1 for 20.00
2024-12-13,BLUE,Bluebird bio Inc,Reverse,1 for 20.00
2024-12-13,ETR,Entergy Corp.,Forward,0.50 for 1
2024-12-11,SEHCF,Sweet Earth Holdings Corporation,Reverse,1 for 10.00
2024-12-11,WIT,Wipro Limited,Forward,0.50 for 1
2024-12-11,RFGPF,Retail Food Group Limited,Reverse,1 for 40.00
2024-12-10,FBYD,"Falcon's Beyond Global, Inc. Class A",Forward,0.83 for 1
2024-12-10,JL,J-Long Group Limited,Reverse,1 for 10.00
2024-12-10,BATXF,Battery X Metals Inc.,Reverse,1 for 3.30
2024-12-09,AEXAY,Atos Se Unsponsored Adr,Forward,1.00 for 1
2024-12-09,GSOL,Grayscale Solana Trust,Forward,0.20 for 1
2024-12-09,HUIZ,Huize Holding Ltd.,Reverse,1 for 5.00
2024-12-09,BZLFY,Bunzl,Forward,0.50 for 1
2024-12-06,NZAUF,Rua Gold Inc,Reverse,1 for 6.00
2024-12-06,ENSC,"Ensysce Biosciences, Inc.",Reverse,1 for 15.00
2024-12-05,AGRI,Agriforce Growing Systems Ltd.,Reverse,1 for 100.00
2024-12-04,MHTZF,Manhattan Corporation Ltd,Reverse,1 for 20.00
2024-12-04,DXFFY,Eason Technology Limited,Reverse,1 for 125.00
2024-12-04,ANET,Arista Networks,Forward,0.25 for 1
2024-12-04,PMD,Psychemedics Corporation,Forward,1.00 for 1
2024-12-04,RNAZ,"Transcode Therapeutics, Inc.",Reverse,1 for 33.00
2024-12-04,APVO,Aptevo,Reverse,1 for 37.00
2024-12-03,MYNZ,Mainz Biomed B.V.,Reverse,1 for 40.00
2024-12-03,LSMLF,Lodestar Minerals Limited,Reverse,1 for 20.00
2024-12-03,CBSH,Commerce Bancshares,Forward,0.95 for 1
2024-12-02,LARK,Landmark,Forward,0.95 for 1
2024-12-02,ELLXF,Elixinol Wellness Ltd,Reverse,1 for 8.00
2024-12-02,LGSXY,Light Sa,Forward,1.00 for 1
2024-12-02,FTCI,"Ftc Solar, Inc.",Reverse,1 for 10.00
2024-11-29,BWNAF,Verity Resources Limited,Reverse,1 for 20.00
2024-11-29,SLXN,Silexion Therapeutics Corp,Reverse,1 for 9.00
2024-11-29,IRS,Irsa Inversiones Y Representaciones,Forward,0.97 for 1
2024-11-29,DBVT,DBV Technologies S.A. - American Depositary Shares,Reverse,1 for 5.00
2024-11-29,PPLL,Peoples ,Forward,0.95 for 1
2024-11-28,BWNAF,Verity Resources Limited,Reverse,1 for 20.00
2024-11-27,BRCNF,Burcon Nutrascience Corporation,Forward,1.00 for 1
2024-11-27,UBXG,U-BX Technology Ltd.,Reverse,1 for 16.00
2024-11-27,NACB,National Capital Bank of Washington,Forward,0.25 for 1
2024-11-27,VIRA,Neuralbase Ai Ltd,Reverse,1 for 7500.00
2024-11-27,ELAB,ELEVAI Labs Inc.,Reverse,1 for 200.00
2024-11-26,NZRFF,Channel Infrastructure NZ Limited,Forward,0.99 for 1
2024-11-26,GMM,Global Mofy Metaverse Ltd.,Reverse,1 for 15.00
2024-11-26,CETX,Cemtrex,Reverse,1 for 35.00
2024-11-26,CTXR,Citius Pharma,Reverse,1 for 25.00
2024-11-26,LDDFF,Liberty Defense Holdings Ltd.,Reverse,1 for 10.00
2024-11-26,KPDCF,Keppel DC REIT,Forward,1.00 for 1
2024-11-26,PBM,Psyence Biomedical Ltd.,Reverse,1 for 75.00
2024-11-25,CBDS,Cannabis Sativa,Forward,1.00 for 1
2024-11-25,APLM,Apollomics Inc.,Reverse,1 for 100.00
2024-11-25,GPUS,"Hyperscale Data, Inc.",Reverse,1 for 35.00
2024-11-25,PENMF,Peninsula Energy Limited,Reverse,1 for 20.00
2024-11-22,DFLI,Dragonfly Energy Holdings Corp,Reverse,1 for 9.00
2024-11-22,XTKG,"X3 Holdings Co., Ltd.",Reverse,1 for 20.00
2024-11-21,SSHPF,Vow Asa,Forward,1.00 for 1
2024-11-21,BDPT,Bioadaptives Inc,Reverse,1 for 300.00
2024-11-21,PRFX,Painreform Ltd.,Reverse,1 for 4.00
2024-11-21,NMHI,Nature's Miracle Holding Inc.,Reverse,1 for 30.00
2024-11-21,LAZR,Luminar Technologies Inc,Reverse,1 for 15.00
2024-11-21,BYOGF,Bounty Oil & Gas NL,Forward,1.00 for 1
2024-11-21,URCFF,Vanadian Energy Corp,Reverse,1 for 10.00
2024-11-20,LUXH,Luxurban Hotels Inc.,Reverse,1 for 70.00
2024-11-20,CBBHF,Cobalt Blue Holdings Ltd.,Forward,1.00 for 1
2024-11-20,JFBR,Jeffs' Brands Ltd.,Reverse,1 for 13.00
2024-11-20,IVIXF,Invion Ltd.,Reverse,1 for 100.00
2024-11-19,SOS,Sos Limited,Reverse,1 for 15.00
2024-11-19,WHLR,Wheeler Real Estate,Reverse,1 for 2.00
2024-11-19,LGMK,Logicmark Inc.,Reverse,1 for 25.00
2024-11-19,POLA,Polar Power,Reverse,1 for 7.00
2024-11-18,OBTEF,Orbital Corporation Limited,Forward,1.00 for 1
2024-11-18,UPC,Universe Pharmaceuticals Incorporation,Reverse,1 for 15.00
2024-11-18,BJDX,"Bluejay Diagnostics, Inc.",Reverse,1 for 50.00
2024-11-18,LIFW,"Msp Recovery, Inc.",Reverse,1 for 25.00
2024-11-18,SGN,"Signing Day Sports, Inc.",Reverse,1 for 48.00
2024-11-18,LEEEF,Leef Brands Inc,Reverse,1 for 10.00
2024-11-15,TKLF,Yoshitsu Co. Ltd. Sponsored ADR,Reverse,1 for 10.00
2024-11-15,TPET,Trio Petroleum Corp.,Reverse,1 for 20.00
2024-11-15,ADD,"Color Star Technology Co., Ltd.",Reverse,1 for 100.00
2024-11-15,PAANF,Pan American Energy Corp.,Reverse,1 for 10.00
2024-11-14,AKAN,Akanda Corp,Reverse,1 for 2.00
2024-11-14,INM,Inmed Pharmaceuticals Inc.,Reverse,1 for 20.00
2024-11-14,SPXCY,Singapore Exchange,Forward,0.13 for 1
2024-11-13,DNMR,"Danimer Scientific, Inc.",Reverse,1 for 40.00
2024-11-13,PCRCF,Bolt Metals Corp.,Forward,0.50 for 1
2024-11-12,PCLI,Protocall Technologies Incorporated,Reverse,1 for 100.00
2024-11-12,SISI,Shineco Inc,Reverse,1 for 24.00
2024-11-12,JTAI,Jet.Ai Inc.,Reverse,1 for 225.00
2024-11-12,IRCWF,IRC ,Forward,1.00 for 1
2024-11-11,FCEL,Fuelcell Energy,Reverse,1 for 30.00
2024-11-11,VLCN,"Volcon, Inc.",Reverse,1 for 8.00
2024-11-11,TRNR,Interactive Strength Inc,Reverse,1 for 100.00
2024-11-11,EFSH,1847 Holdings LLC,Reverse,1 for 15.00
2024-11-08,XHG,Xchange Tec.Inc Sponsored Adr Class A,Reverse,1 for 20.00
2024-11-08,LIPO,"Lipella Pharmaceuticals, Inc.",Reverse,1 for 8.00
2024-11-08,NMLSF,Restart Life Sciences Corp.,Reverse,1 for 5.00
2024-11-08,KNEOF,KNeoMedia Limited,Forward,0.75 for 1
2024-11-08,GPGC,Aurum Megametals Corp,Reverse,1 for 40.00
2024-11-08,SONX,Sonendo Inc,Reverse,1 for 200.00
2024-11-08,NORD,Nordicus Partners Corp,Reverse,1 for 10.00
2024-11-07,FIAC,Devvstream Corp,Reverse,1 for 1.03
2024-11-07,NDRA,Endra Life Sciences,Reverse,1 for 35.00
2024-11-07,KNEOF,KNeoMedia Limited,Forward,1.00 for 1
2024-11-07,ICLTD,Greenfirst Forest Products Inc.,Forward,1.00 for 1
2024-11-06,SCCO,Southern Copper Corp,Forward,0.99 for 1
2024-11-05,VCIG,VCI Global Limited,Reverse,1 for 49.00
2024-11-05,CMXC,"Stimcell Energetics, Inc.",Reverse,1 for 15.00
2024-11-05,QLGN,Qualigen Therapeutics Inc,Reverse,1 for 50.00
2024-11-05,AQMS,Aqua Metals Inc.,Reverse,1 for 20.00
2024-11-05,CMMCF,Oxe Marine Ab,Forward,1.00 for 1
2024-11-05,RDY,Dr. Reddy's Laboratories Ltd,Forward,0.20 for 1
2024-11-05,NVMLF,Aureka Limited,Reverse,1 for 500.00
2024-11-04,RGBP,"Regen Biopharma, Inc.",Forward,0.50 for 1
2024-11-04,NA,Nano Labs Ltd. Sponsored ADR Class A,Reverse,1 for 10.00
2024-11-04,GLT,Magnera Corporation,Reverse,1 for 13.00
2024-11-01,INNMF,Amplia Therapeutics Ltd.,Forward,1.00 for 1
2024-11-01,FGF,Fundamental Global Inc.,Reverse,1 for 25.00
2024-11-01,TRFE,"Polomar Health Services, Inc.",Reverse,1 for 10.00
2024-11-01,PVLTF,"Beijing Energy International Holding Co., Ltd.",Reverse,1 for 10.00
2024-10-31,GMHLF,GAM Holding AG,Forward,0.68 for 1
2024-10-31,STBX,Starbox Group Holdings Ltd.,Reverse,1 for 16.00
2024-10-30,KZR,Kezar Life Sciences,Reverse,1 for 10.00
2024-10-30,BYYLF,Balyo SA,Forward,1.00 for 1
2024-10-30,GMHLF,GAM Holding AG,Forward,1.00 for 1
2024-10-30,INCC,"International Consolidated Companies, Inc.",Reverse,1 for 2000.00
2024-10-30,FBSE,"Universal New Energy Holding Group, Inc.",Reverse,1 for 15.00
2024-10-30,TAMG,Logipix International Corp,Reverse,1 for 275.00
2024-10-30,NA,Nano Labs Ltd. Sponsored ADR Class A,Reverse,1 for 10.00
2024-10-29,MOVE,"Movano, Inc.",Reverse,1 for 15.00
2024-10-28,AHT,Ashford Hospitality Trust,Reverse,1 for 10.00
2024-10-28,UWHR,Uwharrie Capital Corp,Forward,0.98 for 1
2024-10-28,SVRE,SaverOne 2014 Ltd. ADR,Reverse,1 for 18.00
2024-10-28,KZIA,Kazia Therapeutics Limited,Reverse,1 for 10.00
2024-10-28,NTTIF,Novatti Group Ltd.,Forward,1.00 for 1
2024-10-28,ALBT,Avalon Globocare Corp.,Reverse,1 for 15.00
2024-10-25,TSE:MDCX,Medicus Pharma Ltd,Reverse,1 for 2.00
2024-10-25,KXIN,Kaixin Auto Holdings,Reverse,1 for 60.00
2024-10-25,AMIX,"Autonomix Medical, Inc.",Reverse,1 for 20.00
2024-10-24,CTNT,"Cheetah Net Supply Chain Service, Inc. Class A",Reverse,1 for 16.00
2024-10-24,NUKK,Nukkleus Inc.,Reverse,1 for 8.00
2024-10-23,KWE,Kwesst Micro Systems Inc,Reverse,1 for 10.00
2024-10-23,MURGY,Munchener Ruckversicherungs-Gesellschaft Aktiengesellschaft Unsponsored ADR,Forward,0.20 for 1
2024-10-22,NDENF,African Energy Metals Inc,Reverse,1 for 4.00
2024-10-22,ZCAR,Zoomcar Holdings Inc,Reverse,1 for 100.00
2024-10-18,SANW,S&W Seed,Reverse,1 for 19.00
2024-10-18,SNWV,Sanuwave Health Inc.,Reverse,1 for 375.00
2024-10-18,KTRA,"Tuhura Biosciences, Inc.",Reverse,1 for 35.00
2024-10-18,SDOT,Sadot Group Inc.,Reverse,1 for 10.00
2024-10-18,BIOR,Biora Therapeutics Inc.,Reverse,1 for 10.00
2024-10-18,EGRAF,Energy Resources of Australia Ltd. Class A,Forward,0.29 for 1
2024-10-17,NCNC,Noco-Noco Inc.,Reverse,1 for 50.00
2024-10-17,PEGY,"Sunation Energy, Inc.",Reverse,1 for 50.00
2024-10-17,PEGY,"Sunation Energy, Inc.",Reverse,1 for 50.00
2024-10-17,ICLTF,Greenfirst Forest Products Inc.,Reverse,1 for 10.00
2024-10-17,CGIUF,ESR-REIT,Forward,1.00 for 1
2024-10-16,MGRX,"Mangoceuticals, Inc.",Reverse,1 for 15.00
2024-10-16,AGBA,Triller Group Incorporation,Reverse,1 for 4.00
2024-10-16,ME,23Andme Holding Co,Reverse,1 for 20.00
2024-10-16,DLPN,Dolphin Entertainment,Reverse,1 for 2.00
2024-10-16,STSS,"Sharps Technology, Inc.",Reverse,1 for 22.00
2024-10-16,TMDIF,Conavi Medical Corp.,Reverse,1 for 25.00
2024-10-16,RDFEF,Brookside Energy Limited,Reverse,1 for 50.00
2024-10-15,AGBA,Triller Group Incorporation,Reverse,1 for 4.00
2024-10-15,NMTAF,Neometals Ltd.,Forward,1.00 for 1
2024-10-15,UAVS,Ageagle Aerial,Reverse,1 for 50.00
2024-10-15,PYMOF,Hydrocarbon Dynamics Limited,Forward,1.00 for 1
2024-10-14,CBBB,Catalyst Crew Technologies Corp,Reverse,1 for 450.00
2024-10-14,PIXY,ShiftPixy,Reverse,1 for 15.00
2024-10-14,PTITF,PT Indosat Tbk Class B,Forward,0.25 for 1
2024-10-11,ALCE,Alternus Clean Energy Inc.,Reverse,1 for 25.00
2024-10-11,TMDIF,Conavi Medical Corp.,Reverse,1 for 25.00
2024-10-11,NVEE,NV5 Holdings Inc,Forward,0.25 for 1
2024-10-10,WLDS,Wearable Devices Ltd.,Reverse,1 for 20.00
2024-10-10,INHD,"Inno Holdings, Inc.",Reverse,1 for 10.00
2024-10-09,VERB,Verb Technology Company,Reverse,1 for 200.00
2024-10-09,HOLO,Microcloud Hologram Inc.,Reverse,1 for 20.00
2024-10-09,CNGGF,Cann Group Ltd.,Forward,1.00 for 1
2024-10-09,MAXN,"Maxeon Solar Technologies, Ltd.",Reverse,1 for 100.00
2024-10-09,VIRI,Dogwood Therapeutics Inc,Reverse,1 for 25.00
2024-10-09,XPON,"Expion360, Inc.",Reverse,1 for 100.00
2024-10-09,NJDCY,Nidec Corporation Sponsored ADR,Forward,0.50 for 1
2024-10-09,SQNS,Sequans Communications S,Reverse,1 for 2.50
2024-10-09,TTDKY,TDK Corporation,Forward,0.20 for 1
2024-10-09,ALFFF,Alfa SAB de CV Class A,Forward,1.00 for 1
2024-10-09,SONY,Sony Group Corporation,Forward,0.20 for 1
2024-10-08,AZ,A2z Smart Technologies Corp,Reverse,1 for 2.50
2024-10-08,VMAR,"Vision Marine Technologies, Inc.",Reverse,1 for 9.00
2024-10-08,AGFY,Agrify Corp.,Reverse,1 for 15.00
2024-10-08,SGD,Safe And Green Development Corporation,Reverse,1 for 20.00
2024-10-07,HLTC,"National Healthcare Properties, Inc.",Reverse,1 for 4.00
2024-10-07,RPHM,"Onkure Therapeutics, Inc.",Reverse,1 for 10.00
2024-10-07,AMSSY,Ams-Osram Ag Unsponsored Adr,Reverse,1 for 10.00
2024-10-04,STRM,Streamline Health Solutions,Reverse,1 for 15.00
2024-10-04,SIFY,Sify Technologies Limited,Reverse,1 for 6.00
2024-10-04,BDRX,Biodexa Pharmaceuticals Plc,Reverse,1 for 25.00
2024-10-04,NASO,Naples Soap Company Inc,Reverse,1 for 700.00
2024-10-04,LSB,"Lakeshore Biopharma Co., Ltd",Reverse,1 for 10.00
2024-10-03,CETX,Cemtrex,Reverse,1 for 60.00
2024-10-03,KRKR,36Kr Holdings Inc Adr Class A,Reverse,1 for 20.00
2024-10-03,UPXI,"Upexi, Inc.",Reverse,1 for 20.00
2024-10-03,BJURF,Bonjour Holdings Limited,Reverse,1 for 20.00
2024-10-03,LRCX,Lam Research Corp,Forward,0.10 for 1
2024-10-02,AGBA,Triller Group Incorporation,Forward,0.52 for 1
2024-10-02,AREB,American Rebel Holdings ,Reverse,1 for 9.00
2024-10-02,CAULF,Cauldron Energy Limited,Forward,1.00 for 1
2024-10-02,ADTX,"Aditxt, Inc.",Reverse,1 for 40.00
2024-10-02,GHVNF,Goldhaven Resources Corp,Reverse,1 for 4.00
2024-10-02,SOMLY,SECOM CO,Forward,0.50 for 1
2024-10-02,NDEKY,Nitto Denko,Forward,0.40 for 1
2024-10-02,SOBR,"Sobr Safe, Inc.",Reverse,1 for 110.00
2024-10-01,BCLI,Brainstorm Cell Therapeutics,Reverse,1 for 15.00
2024-10-01,BTKRF,Q Precious & Battery Metals Corp,Reverse,1 for 10.00
2024-10-01,SMCI,Super Micro Computer,Forward,0.10 for 1
2024-10-01,LSB,"Lakeshore Biopharma Co., Ltd",Reverse,1 for 10.00
2024-09-30,LXEH,"Lixiang Education Holding Co., Ltd.",Reverse,1 for 10.00
2024-09-30,AUKUF,Ams-Osram Ag,Reverse,1 for 10.00
2024-09-30,CNET,Zw Data Action Technologies Inc.,Reverse,1 for 4.00
2024-09-30,SONN,"Sonnet Biotherapeutics Holdings, Inc.",Reverse,1 for 8.00
2024-09-30,BWNAF,Verity Resources Limited,Forward,1.00 for 1
2024-09-30,EP,Empire Petroleum Corporation,Forward,1.00 for 1
2024-09-30,RYAAY,Ryanair,Forward,0.40 for 1
2024-09-27,CUPUF,Caribbean Utilities Company,Forward,1.00 for 1
2024-09-27,SEEL,"Seelos Therapeutics, Inc.",Reverse,1 for 16.00
2024-09-27,NLSP,Nls Pharmaceutics Ltd,Reverse,1 for 40.00
2024-09-27,NBFJF,Nippon Building Fund ,Forward,0.20 for 1
2024-09-27,SGIOF,Shionogi & Co,Forward,0.33 for 1
2024-09-27,SOMLF,Secom Co ,Forward,0.50 for 1
2024-09-27,ASBRF,"Asahi Group Holdings,Ltd.",Forward,0.33 for 1
2024-09-27,DNPCF,Dai Nippon Printing Co ,Forward,0.50 for 1
2024-09-27,OBIIF,OBIC Co,Forward,0.20 for 1
2024-09-27,YAMCF,Yamaha Corporation,Forward,0.33 for 1
2024-09-27,ASEKF,Aisin Seiki Co,Forward,0.33 for 1
2024-09-27,NNDNF,Nidec Corporation,Forward,0.50 for 1
2024-09-27,HPHTF,Hamamatsu Photonics KK,Forward,0.50 for 1
2024-09-27,OSCUF,Japan Exchange Group ,Forward,0.50 for 1
2024-09-27,JPTXF,Japan Petroleum Exploration Co ,Forward,0.20 for 1
2024-09-27,SNEJF,Sony Corporation,Forward,0.20 for 1
2024-09-27,SMFNF,Sumitomo Mitsui Financial Group ,Forward,0.33 for 1
2024-09-27,NDEKF,Nitto Denko Corp,Forward,0.20 for 1
2024-09-26,RAKR,Rainmaker Worldwide Inc,Reverse,1 for 25.00
2024-09-25,CMCT,Creative Media & Community Trust Corporation,Forward,0.98 for 1
2024-09-25,FRGT,"Freight Technologies, Inc",Reverse,1 for 25.00
2024-09-25,ORGS,Orgenesis,Reverse,1 for 10.00
2024-09-25,ARQQ,Arqit Quantum Inc.,Reverse,1 for 25.00
2024-09-24,EJH,E-Home Household Service Holdings Ltd.,Reverse,1 for 10.00
2024-09-24,BRVVF,Quantum Battery Metals Corp.,Reverse,1 for 8.00
2024-09-24,ONCO,Onconetix Inc,Reverse,1 for 40.00
2024-09-24,BBGI,Beasley Broadcast,Reverse,1 for 20.00
2024-09-24,FRCEF,Fletcher Building Limited,Forward,0.97 for 1
2024-09-24,FUST,"Fuse Group Holding, Inc.",Reverse,1 for 5.00
2024-09-24,PRPRF,Prairie Provident Resources,Forward,1.00 for 1
2024-09-23,MPLN,Claritev Corporation,Reverse,1 for 40.00
2024-09-23,FRCEF,Fletcher Building Limited,Forward,0.97 for 1
2024-09-23,EVTL,Vertical Aerospace Ltd.,Reverse,1 for 10.00
2024-09-23,BRVVF,Quantum Battery Metals Corp.,Reverse,1 for 8.00
2024-09-23,SHVTF,Select Harvests Limited,Forward,1.00 for 1
2024-09-23,TRAW,"Traws Pharma, Inc.",Reverse,1 for 25.00
2024-09-23,OTRK,"Ontrak, Inc.",Reverse,1 for 15.00
2024-09-23,RSLS,Reshape Lifesciences Inc.,Reverse,1 for 58.00
2024-09-20,BKGFY,Berkeley Group Holdings Plc,Reverse,1 for 1.04
2024-09-20,SEG,Seaport Entertainment Group Inc.,Forward,1.00 for 1
2024-09-20,WHLR,Wheeler Real Estate,Reverse,1 for 3.00
2024-09-19,MKFG,Markforged Holding Corporation,Reverse,1 for 10.00
2024-09-19,CYBN,"Cybin, Inc.",Reverse,1 for 38.00
2024-09-19,BNZI,"Banzai International, Inc.",Reverse,1 for 50.00
2024-09-19,GDHG,Golden Heaven Group Holdings Ltd.,Reverse,1 for 50.00
2024-09-18,AASZF,Atlantic Sapphire Asa,Forward,1.00 for 1
2024-09-17,PPBT,Purple Biotech Ltd.,Reverse,1 for 20.00
2024-09-17,MULN,"Mullen Automotive, Inc.",Reverse,1 for 100.00
2024-09-17,LKCO,Luokung Technology,Reverse,1 for 8.00
2024-09-17,NVVE,Nuvve Holding Corp.,Reverse,1 for 10.00
2024-09-17,IVDA,Iveda Solutions ,Reverse,1 for 8.00
2024-09-17,IDXAD,Idex Biometrics Asa,Forward,0.87 for 1
2024-09-17,DECK,Deckers Outdoor,Forward,0.17 for 1
2024-09-16,KSCP,Knightscope Inc Class A,Reverse,1 for 50.00
2024-09-16,ISPC,Ispecimen Inc,Reverse,1 for 20.00
2024-09-16,ZEPP,Zepp Health Corporation,Reverse,1 for 4.00
2024-09-13,SHRG,Sharing Services Global Corp,Reverse,1 for 1400.00
2024-09-13,SNYR,Synergy Chc Corp,Reverse,1 for 11.90
2024-09-13,YJ,Yunji Inc,Reverse,1 for 4.00
2024-09-13,NFGRF,BeijingWest Industries International,Forward,1.00 for 1
2024-09-12,CTAS,Cintas,Forward,0.25 for 1
2024-09-11,EVOH,Evoair Holdings Inc,Reverse,1 for 4.00
2024-09-11,WTO,Utime Limited,Reverse,1 for 25.00
2024-09-11,ALLR,"Allarity Therapeutics, Inc.",Reverse,1 for 30.00
2024-09-11,HYZN,Hyzon Motors Inc.,Reverse,1 for 50.00
2024-09-11,NNRRF,NRC Group ASA,Forward,0.87 for 1
2024-09-10,CPAMF,CapitaLand Mall Trust,Forward,1.00 for 1
2024-09-10,SIRI,Sirius Xm Holdings,Reverse,1 for 10.00
2024-09-09,EGRAF,Energy Resources of Australia Ltd. Class A,Forward,0.37 for 1
2024-09-09,BKSY,Blacksky Technology Inc.,Reverse,1 for 8.00
2024-09-09,PRFX,Painreform Ltd.,Reverse,1 for 6.00
2024-09-09,FUISF,Fubon Financial Holding Co ,Forward,0.95 for 1
2024-09-09,TTEK,Tetra Tech,Forward,0.20 for 1
2024-09-06,TNON,"Tenon Medical, Inc.",Reverse,1 for 8.00
2024-09-06,OIBRQ,Oi Sa,Reverse,1 for 200.00
2024-09-06,OIBZQ,Oi S.A.,Reverse,1 for 100.00
2024-09-05,BIRD,"Allbirds, Inc. Class A",Reverse,1 for 20.00
2024-09-05,DPRO,Draganfly Inc,Reverse,1 for 25.00
2024-09-05,LITB,LightInTheBox,Reverse,1 for 6.00
2024-09-05,WRIV,White River Bancshares Co,Forward,0.50 for 1
2024-09-04,TCS,"Container Store Group, Inc.",Reverse,1 for 15.00
2024-09-03,EGRAF,Energy Resources of Australia Ltd. Class A,Forward,1.00 for 1
2024-09-03,MTNB,Matinas BioPharma Holdings,Reverse,1 for 50.00
2024-09-03,ABIO,"Oruka Therapeutics, Inc.",Reverse,1 for 12.00
2024-08-30,SNOA,"Sonoma Pharmaceuticals, Inc.",Reverse,1 for 20.00
2024-08-30,GLMD,Galmed Pharmaceuticals,Reverse,1 for 12.00
2024-08-30,ATPC,Agape ATP Corp,Reverse,1 for 20.00
2024-08-30,GLTO,"Galecto, Inc.",Reverse,1 for 25.00
2024-08-30,AVTBF,Avant Brands Inc,Reverse,1 for 30.00
2024-08-29,INCT,"Frankspeech Network, Inc.",Reverse,1 for 50000.00
2024-08-29,GDEV,Nexters Inc.,Reverse,1 for 10.00
2024-08-29,SNAAF,SAN-A CO ,Forward,0.50 for 1
2024-08-29,TKSHF,Takashimaya Company ,Forward,0.50 for 1
2024-08-28,XCUR,Exicure,Reverse,1 for 5.00
2024-08-28,FBRX,Forte Biosciences Inc.,Reverse,1 for 25.00
2024-08-27,QMCO,Quantum Corp,Reverse,1 for 20.00
2024-08-26,OBLG,"Oblong, Inc.",Reverse,1 for 40.00
2024-08-26,NMTLF,Newage Metals Inc (Otc),Reverse,1 for 4.00
2024-08-26,TOVX,"Theriva Biologics, Inc.",Reverse,1 for 25.00
2024-08-26,BCAN,Femto Technologies Inc.,Reverse,1 for 17.00
2024-08-26,PHGE,Biomx Inc.,Reverse,1 for 10.00
2024-08-26,GWH,"Ess Tech, Inc.",Reverse,1 for 15.00
2024-08-23,AIXI,Xiao-I Corp. ADR,Reverse,1 for 9.00
2024-08-23,SSYRF,Sassy Gold Corp,Reverse,1 for 5.00
2024-08-23,DGTHF,"Dgtl Holdings, Inc.",Reverse,1 for 15.00
2024-08-22,INND,Innerscope Hearing Technologies Inc,Reverse,1 for 2500.00
2024-08-22,SPCB,SuperCom Ltd.,Reverse,1 for 20.00
2024-08-22,VMAR,"Vision Marine Technologies, Inc.",Reverse,1 for 15.00
2024-08-21,ZURVY,Zurich Insurance,Forward,0.50 for 1
2024-08-20,NDRA,Endra Life Sciences,Reverse,1 for 50.00
2024-08-20,CVKD,"Cadrenal Therapeutics, Inc.",Reverse,1 for 15.00
2024-08-20,DNA,"Ginkgo Bioworks Holdings, Inc.",Reverse,1 for 40.00
2024-08-20,RDHL,RedHill Biopharma Ltd,Reverse,1 for 25.00
2024-08-19,TNGZF,Tivan Limited,Forward,1.00 for 1
2024-08-19,ALGS,"Aligos Therapeutics, Inc.",Reverse,1 for 25.00
2024-08-19,FFIE,Faraday Future Intelligent Electric Inc.,Reverse,1 for 40.00
2024-08-19,SRFM,"Surf Air Mobility, Inc.",Reverse,1 for 7.00
2024-08-19,BETR,Aurora Acquisition Corp. Class A,Reverse,1 for 50.00
2024-08-19,SITC,Site Centers,Reverse,1 for 4.00
2024-08-16,OCTO,Eightco Holdings Inc.,Reverse,1 for 5.00
2024-08-16,HGHAF,High Arctic Energy,Reverse,1 for 4.00
2024-08-16,CCWOF,Nord Precious Metals Mining Inc.,Reverse,1 for 10.00
2024-08-16,GNS,Genius Group Limited,Reverse,1 for 10.00
2024-08-15,BABL,"Nft Marketplace, Inc.",Reverse,1 for 10.00
2024-08-15,SING,"Singlepoint, Inc.",Reverse,1 for 100.00
2024-08-15,ASTI,Ascent Solar,Reverse,1 for 100.00
2024-08-15,PRTG,Portage Biotech,Reverse,1 for 20.00
2024-08-15,HUGE,Quantum Biopharma Ltd. Subordinate Voting Shares Class B,Reverse,1 for 65.00
2024-08-14,GENE,Genetic Technologies,Forward,0.99 for 1
2024-08-13,IMMVF,Immunovia AB,Forward,1.00 for 1
2024-08-13,SHPH,"Shuttle Pharmaceuticals Holdings, Inc.",Reverse,1 for 8.00
2024-08-13,TRVN,Trevena Inc.,Reverse,1 for 25.00
2024-08-13,WAVD,"Firefly Neuroscience, Inc.",Reverse,1 for 3.00
2024-08-13,MNPR,Monopar Therapeutics Inc,Reverse,1 for 5.00
2024-08-13,COLZF,Coca-Cola Icecek AS,Forward,0.09 for 1
2024-08-13,RGST,Drj International Group Limited Inc.,Reverse,1 for 10.00
2024-08-12,SXTP,"60 Degrees Pharmaceuticals, Inc.",Reverse,1 for 12.00
2024-08-09,SCCO,Southern Copper Corp,Forward,0.99 for 1
2024-08-09,CING,"Cingulate, Inc.",Reverse,1 for 12.00
2024-08-09,VATE,INNOVATE Corp,Reverse,1 for 10.00
2024-08-08,ELTLF,Elementos Limited,Forward,1.00 for 1
2024-08-08,SBFM,"Sunshine Biopharma, Inc.",Reverse,1 for 20.00
2024-08-08,MSTR,Strategy Incorporated,Forward,0.10 for 1
2024-08-07,YZCAY,Yankuang Energy Group Company Limited Sponsored ADR Class H,Forward,0.77 for 1
2024-08-07,ALTAF,Morella Corporation Limited,Forward,1.00 for 1
2024-08-06,BIVI,Biovie Inc.,Reverse,1 for 10.00
2024-08-05,TCBP,TC Biopharm (Holdings) Plc Sponsored ADR,Reverse,1 for 10.00
2024-08-05,XYLO,Xylo Technologies Ltd. Sponsored Adr,Reverse,1 for 2.67
2024-08-05,PSDNF,Poseidon Nickel Limited,Forward,0.92 for 1
2024-08-05,SLGD,Horizon Kinetics Holding Corporation,Reverse,1 for 20.00
2024-08-05,GNLN,Greenlane Holdings,Reverse,1 for 11.00
2024-08-02,NCPL,Netcapital Inc,Reverse,1 for 70.00
2024-08-02,SYTA,Siyata Mobile Inc.,Reverse,1 for 18.00
2024-08-01,EVOK,Evoke Pharma Inc,Reverse,1 for 12.00
2024-08-01,MHTZF,Manhattan Corporation Ltd,Forward,1.00 for 1
2024-08-01,XMMRF,XMReality AB,Forward,1.00 for 1
2024-07-31,CGGYY,Viridien Sponsored Adr,Reverse,1 for 100.00
2024-07-30,CCM,Concord Medical Services,Reverse,1 for 10.00
2024-07-30,SPGC,"Sacks Parente Golf, Inc.",Reverse,1 for 10.00
2024-07-29,AINC,Ashford Inc,Forward,1.00 for 1
2024-07-29,AIU,Meta Data Limited Ads,Reverse,1 for 5.00
2024-07-26,FOA,Finance Of America Companies Inc,Reverse,1 for 10.00
2024-07-26,FTV,Fortive,Reverse,1 for 2.00
2024-07-26,MMMW,Mass Megawatts Wind Power Inc.,Reverse,1 for 100.00
2024-07-25,GSPT,Food Culture Inc,Reverse,1 for 150.00
2024-07-25,EVGN,Evogene Ltd.,Reverse,1 for 10.00
2024-07-25,SNES,SenesTech,Reverse,1 for 10.00
2024-07-25,EZFL,"Nextnrg, Inc.",Reverse,1 for 2.50
2024-07-24,LTMAY,Latam Airlines Group Sa Sponsored Adr,Reverse,1 for 2000.00
2024-07-24,HEGLF,Peak Minerals Limited,Forward,1.00 for 1
2024-07-24,BURU,"Nuburu, Inc.",Reverse,1 for 40.00
2024-07-23,KITT,Nauticus Robotics Inc.,Reverse,1 for 36.00
2024-07-19,BHIL,"Benson Hill, Inc.",Reverse,1 for 35.00
2024-07-18,SONM,Sonim Technologies,Reverse,1 for 10.00
2024-07-18,SNTI,"Senti Biosciences, Inc.",Reverse,1 for 10.00
2024-07-18,MGOL,MGO Global Inc.,Reverse,1 for 10.00
2024-07-18,TCRT,Alaunos Therapeutics Inc,Reverse,1 for 10.00
2024-07-18,LUCY,"Innovative Eyewear, Inc.",Reverse,1 for 20.00
2024-07-18,SCPX,"Scorpius Holdings, Inc.",Reverse,1 for 200.00
2024-07-17,GMINF,G Mining Ventures Corp,Reverse,1 for 4.00
2024-07-16,ALZN,"Alzamend Neuro, Inc.",Reverse,1 for 10.00
2024-07-15,LMRMF,Lomiko Metals Inc.,Reverse,1 for 10.00
2024-07-15,VTAK,"Catheter Precision, Inc.",Reverse,1 for 10.00
2024-07-15,SMX,Smx (Security Matters) Public Limited Company,Reverse,1 for 75.00
2024-07-15,CLDI,"Calidi Biotherapeutics, Inc.",Reverse,1 for 10.00
2024-07-15,AVGO,Broadcom Inc.,Forward,0.10 for 1
2024-07-15,USLM,United States Lime & Minerals,Forward,0.20 for 1
2024-07-12,IMCC,Im Cannabis Corp,Reverse,1 for 6.00
2024-07-12,NYCB,"Flagstar Financial, Inc.",Reverse,1 for 3.00
2024-07-11,CLNN,Clene Inc,Reverse,1 for 20.00
2024-07-11,AMWL,American Well Corporation,Reverse,1 for 20.00
2024-07-11,ACSAY,Actividades de Construccion y Servicios SA,Forward,0.96 for 1
2024-07-11,WRB,W. R. Berkley Corporation,Forward,0.67 for 1
2024-07-10,MITSY,Mitsui,Forward,0.50 for 1
2024-07-10,HTHIY,Hitachi Ltd,Forward,0.20 for 1
2024-07-10,HOOK,Hookipa Pharma,Reverse,1 for 10.00
2024-07-10,FRES,Fresh2 Group Limited Adr,Reverse,1 for 10.00
2024-07-09,IONM,Assure Holdings Corp,Reverse,1 for 18.00
2024-07-09,WSM,Williams-Sonoma,Forward,0.50 for 1
2024-07-08,CJET,"Chijet Motor Company, Inc.",Reverse,1 for 30.00
2024-07-08,EFSH,1847 Holdings LLC,Reverse,1 for 13.00
2024-07-05,CYN,Cyngn Inc.,Reverse,1 for 100.00
2024-07-05,PHIO,Phio Pharmaceuticals,Reverse,1 for 9.00
2024-07-05,SNFCA,Security National Financial,Forward,0.95 for 1
2024-07-05,ALTAF,Morella Corporation Limited,Reverse,1 for 25.00
2024-07-03,MDRR,Medalist Diversified Reit,Reverse,1 for 2.00
2024-07-03,JZXN,"Jiuzi Holdings, Inc.",Reverse,1 for 13.00
2024-07-03,ASLN,Aslan Pharmaceuticals Ltd Adr,Reverse,1 for 8.00
2024-07-03,TTMZF,Datable Technology Corporation,Reverse,1 for 10.00
2024-07-03,NUTX,Clinigence Holdings Inc,Reverse,1 for 10.00
2024-07-02,ASST,"Asset Entities, Inc. Class B",Reverse,1 for 5.00
2024-07-02,TASEF,Tasman Resources Ltd,Forward,1.00 for 1
2024-07-01,CYJBF,Cargotec Corp (OTC),Forward,0.64 for 1
2024-07-01,MYBUF,Meyer Burger Technology Ag,Reverse,1 for 750.00
2024-07-01,YGMZ,Mingzhu Logistics Holdings Ltd,Reverse,1 for 8.00
2024-07-01,AZTR,Azitra Inc,Reverse,1 for 30.00
2024-07-01,DARE,Dar√© Bioscience,Reverse,1 for 12.00
2024-07-01,RELI,Reliance Global Group,Reverse,1 for 17.00
2024-07-01,KORE,"Kore Group Holdings, Inc.",Reverse,1 for 5.00
2024-06-28,SPEYF,Armory Mining Corp.,Reverse,1 for 10.00
2024-06-28,NUWE,"Nuwellis, Inc.",Reverse,1 for 35.00
2024-06-28,WHLR,Wheeler Real Estate,Reverse,1 for 5.00
2024-06-27,MITSF,Mitsui & Co,Forward,0.50 for 1
2024-06-27,HTHIF,"Hitachi,Ltd.",Forward,0.20 for 1
2024-06-27,NSSXF,NS Solutions Corp,Forward,0.50 for 1
2024-06-27,ASCCF,Asics Corporation,Forward,0.25 for 1
2024-06-27,CEJOF,"Cresco,Ltd.",Forward,0.50 for 1
2024-06-27,EBCOF,Ebara Corporation,Forward,0.20 for 1
2024-06-27,RIGL,Rigel Pharmaceuticals,Reverse,1 for 10.00
2024-06-27,YYAI,Connexa Sports Technologies Inc,Reverse,1 for 20.00
2024-06-27,TYHOF,Toyota Tsusho Corp,Forward,0.33 for 1
2024-06-26,AIQUY,Air Liquide,Forward,0.91 for 1
2024-06-26,STAF,Staffing 360 Solutions Inc,Reverse,1 for 10.00
2024-06-26,OMIC,"Singular Genomics Systems, Inc.",Reverse,1 for 30.00
2024-06-26,CMG,Chipotle Mexican Grill,Forward,0.02 for 1
2024-06-26,YZCHF,Yankuang Energy Group Company Limited Class H,Forward,0.77 for 1
2024-06-25,NKLA,Nikola Corporation,Reverse,1 for 30.00
2024-06-25,CRKN,Crown Electrokinetics Corp.,Reverse,1 for 150.00
2024-06-25,BURU,"Nuburu, Inc.",Reverse,1 for 40.00
2024-06-24,AIQUY,Air Liquide,Forward,0.91 for 1
2024-06-24,CHMJF,Waverunner Capital Inc.,Reverse,1 for 10.00
2024-06-24,BBSI,Barrett Business Services,Forward,0.25 for 1
2024-06-21,AVRO,Tectonic Therapeutic Inc,Reverse,1 for 12.00
2024-06-21,QLI,Qilian International Holding Group Limited,Reverse,1 for 5.00
2024-06-20,WHLR,Wheeler Real Estate,Reverse,1 for 6.00
2024-06-20,PTNDF,PT Vale Indonesia Tbk,Forward,0.99 for 1
2024-06-20,ATRA,Atara Biotherapeutics Inc,Reverse,1 for 25.00
2024-06-20,BJDX,"Bluejay Diagnostics, Inc.",Reverse,1 for 8.00
2024-06-20,EDEYF,Eden Innovations Ltd,Forward,1.00 for 1
2024-06-19,ANTMF,Antilles Gold Ltd,Forward,1.00 for 1
2024-06-19,PTNDF,PT Vale Indonesia Tbk,Forward,1.00 for 1
2024-06-18,GRI,"Gri Bio, Inc.",Reverse,1 for 13.00
2024-06-18,FORD,"Forward Industries, Inc.",Reverse,1 for 10.00
2024-06-18,VSME,VS Media Holdings Limited Class A,Reverse,1 for 7.00
2024-06-17,CATX,"Perspective Therapeutics, Inc.",Reverse,1 for 10.00
2024-06-17,JAXAF,Jaxsta Limited,Forward,0.99 for 1
2024-06-17,STRR,"Star Equity Holdings, Inc.",Reverse,1 for 5.00
2024-06-17,SLRX,Salarius Pharmaceuticals,Reverse,1 for 8.00
2024-06-17,SPCE,Virgin Galactic Holdings Inc,Reverse,1 for 20.00
2024-06-17,WKHS,Workhorse Group,Reverse,1 for 20.00
2024-06-14,SLRX,Salarius Pharmaceuticals,Reverse,1 for 8.00
2024-06-14,KRYXF,Koryx Copper Inc.,Reverse,1 for 5.00
2024-06-14,TRNR,Interactive Strength Inc,Reverse,1 for 40.00
2024-06-14,CKDXF,Opthea Limited,Forward,1.00 for 1
2024-06-14,TWOU,2U Inc.,Reverse,1 for 30.00
2024-06-14,CZFS,Citizens Financial Services,Forward,0.99 for 1
2024-06-13,NAAS,Naas Technology Inc.,Reverse,1 for 20.00
2024-06-13,AUVGF,Australian Vintage Ltd,Forward,1.00 for 1
2024-06-13,VLD,"Velo3d, Inc.",Reverse,1 for 35.00
2024-06-13,RBOT,Vicarious Surgical Inc.,Reverse,1 for 30.00
2024-06-12,PEGY,"Sunation Energy, Inc.",Reverse,1 for 15.00
2024-06-12,LSMLF,Lodestar Minerals Limited,Forward,1.00 for 1
2024-06-12,BNED,Barnes & Noble Education Inc.,Reverse,1 for 100.00
2024-06-12,APH,Amphenol Corporation,Forward,0.50 for 1
2024-06-11,CNQ,Canadian Natural Resources,Forward,0.50 for 1
2024-06-11,MMLTF,MMG ,Forward,1.00 for 1
2024-06-11,KPRX,"Kiora Pharmaceuticals, Inc.",Reverse,1 for 9.00
2024-06-11,DM,"Desktop Metal, Inc.",Reverse,1 for 10.00
2024-06-10,NICH,Nitches,Reverse,1 for 60000.00
2024-06-10,ICU,Seastar Medical Holding Corporation,Reverse,1 for 25.00
2024-06-10,CHYPF,Health Logic Interactive Inc,Reverse,1 for 4.00
2024-06-10,RTC,Baijiayun Group Ltd.,Reverse,1 for 5.00
2024-06-10,TNXP,Tonix Pharmaceuticals,Reverse,1 for 32.00
2024-06-10,CRNCY,Capricorn Energy PLC Unsponsored ADR,Reverse,1 for 1.27
2024-06-10,NVDA,Nvidia Corporation,Forward,0.10 for 1
2024-06-07,LSMLF,Lodestar Minerals Limited,Forward,1.00 for 1
2024-06-07,CEAD,Cea Industries Inc.,Reverse,1 for 12.00
2024-06-07,VLCN,"Volcon, Inc.",Reverse,1 for 100.00
2024-06-07,DBVT,DBV Technologies S.A. - American Depositary Shares,Reverse,1 for 2.00
2024-06-07,SSKN,Strata Skin Sciences,Reverse,1 for 10.00
2024-06-06,SSNT,"Qxo, Inc.",Reverse,1 for 8.00
2024-06-06,SNGX,Soligenix Inc,Reverse,1 for 16.00
2024-06-06,CICN,"Sms Alternatives, Inc",Reverse,1 for 1500.00
2024-06-06,VOYRF,Thunderbird Resources Ltd,Forward,1.00 for 1
2024-06-05,CNSP,"Cns Pharmaceuticals, Inc.",Reverse,1 for 50.00
2024-06-05,PRRUF,Immutep Ltd,Forward,0.99 for 1
2024-06-04,LICY,Li-Cycle Holdings Corp.,Reverse,1 for 8.00
2024-06-03,PLAG,Planet Green Holdings Corp,Reverse,1 for 10.00
2024-06-03,GWAV,Greenwave Technology Solutions Inc.,Reverse,1 for 150.00
2024-05-31,NBY,Novabay Pharmaceuticals,Reverse,1 for 35.00
2024-05-31,SIFY,Sify Technologies Limited,Forward,1.00 for 1
2024-05-30,AASZF,Atlantic Sapphire Asa,Reverse,1 for 10.00
2024-05-30,BRRGF,Bergenbio Asa,Reverse,1 for 100.00
2024-05-30,BCDA,Biocardia,Reverse,1 for 15.00
2024-05-29,GV,"Visionary Education Technology Holdings Group, Inc.",Reverse,1 for 15.00
2024-05-29,FGRRF,Fingerprint Cards Ab,Forward,1.00 for 1
2024-05-28,SINT,Sintx Technologies,Reverse,1 for 200.00
2024-05-28,THAR,"Tharimmune, Inc.",Reverse,1 for 15.00
2024-05-24,USCTF,Roth Ch Acquisition Co.,Reverse,1 for 10.00
2024-05-24,CIG,Companhia Energetica Minas Gerais,Forward,0.77 for 1
2024-05-23,EXMXF,Dropsuite Ltd.,Reverse,1 for 10.00
2024-05-23,PLLWF,Polarean Imaging Plc,Forward,1.00 for 1
2024-05-23,RMESF,Red Metal Resources Ltd.,Reverse,1 for 3.00
2024-05-23,BGADF,Pace Metals Ltd.,Reverse,1 for 30.00
2024-05-23,JAGX,Jaguar Animal Health Inc.,Reverse,1 for 60.00
2024-05-23,AKAN,Akanda Corp,Reverse,1 for 40.00
2024-05-22,ABBRF,Abrasilver Resource Corp.,Reverse,1 for 5.00
2024-05-22,CIM,Chimera Investment,Reverse,1 for 3.00
2024-05-21,LFSWF,Lifeist Wellness Inc,Reverse,1 for 20.00
2024-05-21,GSMGF,Indiana Resources Limited,Forward,1.00 for 1
2024-05-21,SCNI,Scinai Immunotherapeutics Ltd. Sponsored Adr,Reverse,1 for 10.00
2024-05-20,PENMF,Peninsula Energy Limited,Forward,0.98 for 1
2024-05-20,SONG,Music Licensing Inc,Reverse,1 for 500000.00
2024-05-20,OPGN,OpGen Inc.,Reverse,1 for 10.00
2024-05-20,GCTK,"Glucotrack, Inc.",Reverse,1 for 5.00
2024-05-20,BSFC,Blue Star Foods Corp.,Reverse,1 for 50.00
2024-05-17,MSBC,Mission Bancorp,Forward,0.95 for 1
2024-05-17,WHLR,Wheeler Real Estate,Reverse,1 for 24.00
2024-05-17,HSCS,"Heart Test Laboratories, Inc.",Reverse,1 for 100.00
2024-05-17,CTHR,Charles & Colvard,Reverse,1 for 10.00
2024-05-16,ELWS,"Earlyworks Co., Ltd. Sponsored ADR",Reverse,1 for 5.00
2024-05-16,DRMA,"Dermata Therapeutics, Inc.",Reverse,1 for 15.00
2024-05-16,SEEL,"Seelos Therapeutics, Inc.",Reverse,1 for 8.00
2024-05-15,BNR,Burning Rock Biotech Ltd.,Reverse,1 for 10.00
2024-05-14,TIRX,Tian Ruixiang Holdings Ltd,Reverse,1 for 5.00
2024-05-14,ADN,"Advent Technologies Holdings, Inc.",Reverse,1 for 30.00
2024-05-10,NOCRF,Norden Crown Metals Corp,Reverse,1 for 10.00
2024-05-10,DGMLF,De Grey Mining Ltd,Forward,1.00 for 1
2024-05-10,ZH,"Zhihu, Inc.",Reverse,1 for 6.00
2024-05-09,ATGGF,Actinogen Medical Limited,Forward,1.00 for 1
2024-05-09,EDVR,Endeavor Bank,Forward,0.98 for 1
2024-05-09,STGC,Startengine Crowdfunding Inc,Forward,0.05 for 1
2024-05-09,TBIO,"Telesis Bio, Inc.",Reverse,1 for 18.00
2024-05-09,PHG,Koninklijke Philips N.V.,Forward,0.97 for 1
2024-05-08,MVNC,Marvion Inc.,Reverse,1 for 3000.00
2024-05-08,STTDF,Standard Uranium Ltd,Reverse,1 for 5.00
2024-05-08,IVP,"Inspire Veterinary Partners, Inc. Class A",Reverse,1 for 100.00
2024-05-07,SMBMF,Seatrium Limited,Reverse,1 for 20.00
2024-05-07,ARHVF,Archer Limited,Reverse,1 for 25.00
2024-05-07,WECFF,White Energy Company Limited,Forward,1.00 for 1
2024-05-07,SCCO,Southern Copper Corp,Forward,0.99 for 1
2024-05-06,OLB,"Olb Group, Inc.",Reverse,1 for 10.00
2024-05-06,BZFD,Buzzfeed Inc,Reverse,1 for 4.00
2024-05-03,QSAM,"Qsam Biosciences, Inc.",Reverse,1 for 2000.00
2024-05-03,AEZS,Cosciens Biopharma Inc.,Reverse,1 for 4.00
2024-05-03,YTEN,"Yield10 Bioscience, Inc.",Reverse,1 for 24.00
2024-05-02,SILA,"Sila Realty Trust, Inc.",Reverse,1 for 4.00
2024-05-02,SGBX,Sg Blocks,Reverse,1 for 20.00
2024-05-01,VINO,"Gaucho Group Holdings, Inc.",Reverse,1 for 10.00
2024-05-01,SOPA,"Society Pass, Inc.",Reverse,1 for 15.00
2024-05-01,RCON,Recon Technology,Reverse,1 for 18.00
2024-04-29,BKKT,"Bakkt Holdings, Inc. Class A",Reverse,1 for 25.00
2024-04-26,ATXI,Avenue Therapeutics,Reverse,1 for 75.00
2024-04-26,ISUN,"Isun, Inc.",Reverse,1 for 20.00
2024-04-26,ZVSA,"Zyversa Therapeutics, Inc.",Reverse,1 for 10.00
2024-04-25,XTKG,"X3 Holdings Co., Ltd.",Forward,0.94 for 1
2024-04-25,TRRFF,Trifecta Gold Ltd.,Reverse,1 for 4.00
2024-04-25,BDORY,Banco do Brasil S.A.,Forward,0.50 for 1
2024-04-25,APDN,Applied DNA Sciences Inc,Reverse,1 for 20.00
2024-04-25,DBSDY,DBS Group Holdings,Forward,0.91 for 1
2024-04-24,FDOC,Charging Robotics Inc.,Reverse,1 for 150.00
2024-04-24,CDTX,Cidara Therapeutics Inc.,Reverse,1 for 20.00
2024-04-23,PIRS,"Palvella Therapeutics, Inc.",Reverse,1 for 80.00
2024-04-23,FLURF,Flurotech Ltd.,Reverse,1 for 15.00
2024-04-23,BPTS,Biophytis Sa,Reverse,1 for 40.00
2024-04-23,MBLU,Morris State Bancshares Inc,Forward,0.25 for 1
2024-04-23,ZAPP,Zapp Electric Vehicles Group Limited,Reverse,1 for 20.00
2024-04-23,MYSZ,My Size,Reverse,1 for 8.00
2024-04-22,GYYSF,Gascoyne Resources Limited,Forward,0.99 for 1
2024-04-22,SMFL,"Smart for Life, Inc.",Reverse,1 for 7.00
2024-04-22,WINT,Windtree Therapeutics Inc,Reverse,1 for 18.00
2024-04-22,CBDL,Cbd Life Sciences Inc.,Reverse,1 for 300.00
2024-04-22,DBSDF,DBS Group Holdings,Forward,0.91 for 1
2024-04-19,GSUN,Golden Sun Education Group Limited Class A,Reverse,1 for 10.00
2024-04-18,GGB,Gerdau,Forward,0.83 for 1
2024-04-18,INNMF,Amplia Therapeutics Ltd.,Forward,1.00 for 1
2024-04-18,BENF,Beneficient,Reverse,1 for 80.00
2024-04-18,MEDAF,Medaro Mining Corp.,Reverse,1 for 10.00
2024-04-18,GSUN,Golden Sun Education Group Limited Class A,Reverse,1 for 10.00
2024-04-17,TNYYF,Tinybeans Group Ltd.,Forward,1.00 for 1
2024-04-17,BDORY,Banco do Brasil S.A.,Forward,0.50 for 1
2024-04-17,AMOSF,Atomos Ltd.,Forward,1.00 for 1
2024-04-17,REFXF,Redflow Limited,Forward,1.00 for 1
2024-04-17,SBFM,"Sunshine Biopharma, Inc.",Reverse,1 for 100.00
2024-04-16,NCNA,Nucana Plc,Reverse,1 for 25.00
2024-04-15,FRPH,FRP Holdings Inc.,Forward,0.50 for 1
2024-04-15,NXDCF,Nextdc Limited,Forward,0.99 for 1
2024-04-15,MRIN,Marin Software,Reverse,1 for 6.00
2024-04-15,WISA,Datavault Ai Inc.,Reverse,1 for 150.00
2024-04-15,GRRR,Gorilla Technology Group Inc.,Reverse,1 for 10.00
2024-04-12,MI,Nft Limited Class A,Reverse,1 for 50.00
2024-04-12,AGEN,Agenus Inc.,Reverse,1 for 20.00
2024-04-12,EZGO,Ezgo Technologies Ltd.,Reverse,1 for 40.00
2024-04-12,CISS,C3is Inc.,Reverse,1 for 100.00
2024-04-12,FLNT,Fluent Inc,Reverse,1 for 6.00
2024-04-11,PALAF,Paladin Energy Ltd,Reverse,1 for 10.00
2024-04-11,SMSI,Smith Micro,Reverse,1 for 8.00
2024-04-11,BON,Bon Natural Life Limited,Reverse,1 for 10.00
2024-04-10,JMKJ,"Coretag, Inc",Reverse,1 for 2500.00
2024-04-10,SOMNF,Somnomed Limited,Forward,0.77 for 1
2024-04-10,TCON,"TRACON Pharmaceuticals, Inc.",Reverse,1 for 20.00
2024-04-10,NUTX,Clinigence Holdings Inc,Reverse,1 for 15.00
2024-04-09,WJRYY,West Japan Railway (WJRYY),Forward,0.50 for 1
2024-04-09,ALLR,"Allarity Therapeutics, Inc.",Reverse,1 for 20.00
2024-04-09,ODTC,Odonate Inc,Reverse,1 for 5.00
2024-04-09,ENMPY,Ensurge Micropower Asa Sponsored Adr,Reverse,1 for 5.00
2024-04-08,PALI,"Palisade Bio, Inc.",Reverse,1 for 15.00
2024-04-08,SRVTF,Star Vault AB Class B,Forward,0.89 for 1
2024-04-05,ENMPF,Ensurge Micropower Asa,Reverse,1 for 5.00
2024-04-05,QDMI,Qdm International Inc.,Forward,0.10 for 1
2024-04-05,GLAD,Gladstone Capital,Reverse,1 for 2.00
2024-04-05,SNPX,"Synaptogenix, Inc.",Reverse,1 for 25.00
2024-04-05,EDBL,"Edible Garden AG , Inc.",Reverse,1 for 20.00
2024-04-05,CCOEY,Capcom Co Ltd.,Forward,0.50 for 1
2024-04-05,RNAC,"Cartesian Therapeutics, Inc.",Reverse,1 for 30.00
2024-04-04,STKH,Steakholder Foods Ltd.,Reverse,1 for 10.00
2024-04-04,JUBAF,Giant Mining Corp,Reverse,1 for 20.00
2024-04-03,UCAR,U Power Limited,Reverse,1 for 100.00
2024-04-03,RENT,"Rent The Runway, Inc.",Reverse,1 for 20.00
2024-04-02,KIKOY,Kikkoman Corp. (KIKOY),Forward,0.80 for 1
2024-04-02,FJTSY,Fujitsu Limited,Forward,0.50 for 1
2024-04-02,MTSFY,Mitsui Fudosan (MTSFY),Forward,0.33 for 1
2024-04-02,FUJIF,FUJIFILM Holdings Corp,Forward,0.33 for 1
2024-04-02,WBBA,"Wb Burgers Asia, Inc.",Reverse,1 for 100.00
2024-04-02,DCFC,Tritium Dcfc Limited,Reverse,1 for 200.00
2024-04-02,EMKR,Emcore Corporation,Reverse,1 for 10.00
2024-04-02,XXII,22nd Century Group,Reverse,1 for 16.00
2024-04-02,NRXP,"Nrx Pharmaceuticals, Inc.",Reverse,1 for 10.00
2024-04-02,AWIN,Aerwins Technologies Inc.,Reverse,1 for 100.00
2024-04-01,PLUR,Pluri Inc.,Reverse,1 for 8.00
2024-04-01,UDOCF,Unidoc Health Corp.,Forward,0.50 for 1
2024-03-28,WJRYF,West Japan Railway Company,Forward,0.50 for 1
2024-03-28,USSJF,USS Co ,Forward,0.50 for 1
2024-03-28,NHOLF,"Sompo Holdings, Inc.",Forward,0.33 for 1
2024-03-28,SSMXF,Sysmex Corporation,Forward,0.33 for 1
2024-03-28,SNROF,Sanrio Company ,Forward,0.33 for 1
2024-03-28,DOYU,Douyu International Holdings,Reverse,1 for 10.00
2024-03-28,ODFL,Old Dominion Freight Line,Forward,0.50 for 1
2024-03-28,SZKMF,Suzuki Motor Corp,Forward,0.25 for 1
2024-03-28,MSADF,MS&AD Insurance Group Holdings ,Forward,0.33 for 1
2024-03-28,IUSDF,AS ONE Corporation,Forward,0.50 for 1
2024-03-28,OSUKF,Otsuka Corporation,Forward,0.50 for 1
2024-03-28,KIKOF,Kikkoman Corporation,Forward,0.20 for 1
2024-03-28,MTSFF,Mitsui Fudosan Co ,Forward,0.33 for 1
2024-03-28,KAKKF,Kawasaki Kisen Kaisha ,Forward,0.33 for 1
2024-03-28,EJPRF,East Japan Railway Company,Forward,0.33 for 1
2024-03-28,MHVYF,Mitsubishi Heavy Industries ,Forward,0.10 for 1
2024-03-28,CCOEF,Capcom Co ,Forward,0.50 for 1
2024-03-28,TRUMF,Terumo,Forward,0.50 for 1
2024-03-28,FJTSF,Fujitsu ,Forward,0.10 for 1
2024-03-28,NOFCF,NOF Corporation,Forward,0.33 for 1
2024-03-27,TPL,Texas Pacific Land Corporation,Forward,0.33 for 1
2024-03-27,PVBK,Pacific Valley Bank,Forward,0.91 for 1
2024-03-27,GHI,Greystone Housing Impact Investors Lp,Forward,1.00 for 1
2024-03-27,MTSFY,Mitsui Fudosan (MTSFY),Forward,0.33 for 1
2024-03-27,NEVPF,Abliva Ab,Forward,1.00 for 1
2024-03-27,LGVN,Longeveron Inc.,Reverse,1 for 10.00
2024-03-27,CTRM,Castor Maritime,Reverse,1 for 10.00
2024-03-26,ETAO,"Etao International Co., Ltd.",Reverse,1 for 20.00
2024-03-26,FIXX,Q32 Bio Inc,Reverse,1 for 18.00
2024-03-25,LINK,"Interlink Electronics, Inc.",Forward,0.67 for 1
2024-03-25,INTZ,Intrusion,Reverse,1 for 20.00
2024-03-25,NRGYF,New Energy Metals Corp.,Reverse,1 for 10.00
2024-03-22,VOYRF,Thunderbird Resources Ltd,Reverse,1 for 25.00
2024-03-22,MBRX,Moleculin Biotech,Reverse,1 for 15.00
2024-03-22,ATER,"Aterian, Inc.",Reverse,1 for 12.00
2024-03-22,MRIRF,Bmex Gold Inc,Reverse,1 for 10.00
2024-03-22,MLGO,"Microalgo, Inc.",Reverse,1 for 10.00
2024-03-22,GRPH,"Lenz Therapeutics, Inc.",Reverse,1 for 7.00
2024-03-22,BCAN,Femto Technologies Inc.,Reverse,1 for 190.00
2024-03-21,CSPI,CSP Inc,Forward,0.50 for 1
2024-03-21,BTTR,Better Choice Company,Reverse,1 for 44.00
2024-03-21,ADVM,Adverum Biotechnologies,Reverse,1 for 10.00
2024-03-21,TANVF,Tanvex Biopharma ,Forward,1.00 for 1
2024-03-20,MYBUF,Meyer Burger Technology Ag,Forward,1.00 for 1
2024-03-19,CPIHF,Champion Technology Holdings Limited,Reverse,1 for 4.00
2024-03-19,AEVA,"Aeva Technologies, Inc.",Reverse,1 for 5.00
2024-03-18,YSG,Yatsen Holding Ltd.,Reverse,1 for 5.00
2024-03-15,AGE,"Serina Therapeutics, Inc.",Reverse,1 for 35.17
2024-03-15,SYAAF,Syrah Resources Limited,Forward,1.00 for 1
2024-03-15,LFWD,Lifeward Ltd.,Reverse,1 for 7.00
2024-03-14,DLRWF,Delta Drone Sa,Forward,1.00 for 1
2024-03-14,OTLK,Outlook Therapeutics,Reverse,1 for 20.00
2024-03-13,DIZTF,Dignitana AB,Forward,1.00 for 1
2024-03-13,INPX,"Xti Aerospace, Inc.",Reverse,1 for 100.00
2024-03-13,HPCO,"Hempacco Co., Inc.",Reverse,1 for 10.00
2024-03-13,TBIIF,Tobii AB,Forward,1.00 for 1
2024-03-12,DBMBF,FIBRA Macquarie Mexico,Forward,0.95 for 1
2024-03-12,LMFA,Lm Funding America,Reverse,1 for 6.00
2024-03-12,PMVC,Pmv Consumer Acquisition Corp.,Reverse,1 for 43.79
2024-03-11,AFMD,Affimed Therapeutics,Reverse,1 for 10.00
2024-03-08,PGY,Pagaya Technologies Ltd.,Reverse,1 for 12.00
2024-03-08,AISSF,Ais Resources Ltd,Reverse,1 for 10.00
2024-03-08,GXAI,Gaxos.Ai Inc.,Reverse,1 for 12.00
2024-03-08,GOEV,Canoo Inc.,Reverse,1 for 23.00
2024-03-08,CISO,Cerberus Cyber Sentinel Corporation,Reverse,1 for 15.00
2024-03-07,PIK,Kidpik Corp.,Reverse,1 for 5.00
2024-03-06,CPHI,China Pharma,Reverse,1 for 5.00
2024-03-06,EP,Empire Petroleum Corporation,Forward,1.00 for 1
2024-03-06,APVO,Aptevo,Reverse,1 for 44.00
2024-03-05,HVRRY,Hannover Rueck SE (ADR),Forward,0.33 for 1
2024-03-05,ANICF,Anonymous Intelligence Company,Reverse,1 for 10.00
2024-03-05,TR,"Tootsie Roll Industries, Inc.",Forward,0.97 for 1
2024-03-05,VATE,INNOVATE Corp,Forward,0.99 for 1
2024-03-04,FBBPF,"Prologis Property Mexico, S.A. de C.V.",Forward,1.00 for 1
2024-03-04,SVNDY,Seven & I Holdings C (SVNDY),Forward,0.67 for 1
2024-03-04,IFBD,Infobird Co Limited,Reverse,1 for 8.00
2024-03-04,LQR,Lqr House Inc.,Forward,0.67 for 1
2024-03-01,FFIE,Faraday Future Intelligent Electric Inc.,Reverse,1 for 3.00
2024-03-01,CJJD,"Ridgetech, Inc.",Reverse,1 for 20.00
2024-03-01,EGIO,"Edgio, Inc.",Reverse,1 for 40.00
2024-03-01,RETO,Reto Eco-Solutions,Reverse,1 for 10.00
2024-03-01,VRPX,"Virpax Pharmaceuticals, Inc.",Reverse,1 for 10.00
2024-03-01,ENTBF,Entheon Biomedical Corp.,Reverse,1 for 10.00
2024-02-29,ZCMD,Zhongchao Inc,Reverse,1 for 10.00
2024-02-29,CELU,Celularity Inc.,Reverse,1 for 10.00
2024-02-28,SGIPF,Sugi Holdings Co ,Forward,0.33 for 1
2024-02-28,FNRN,First Northern Community Bancorp,Forward,0.95 for 1
2024-02-28,SVNDF,Seven & I Holdings Co ,Forward,0.33 for 1
2024-02-28,ATNF,180 Life Sciences Corp.,Reverse,1 for 19.00
2024-02-28,SKXJF,Sankyo Co ,Forward,0.20 for 1
2024-02-28,BTPNF,PT Bank BTPN Tbk,Forward,1.00 for 1
2024-02-27,PHUN,Phunware,Reverse,1 for 50.00
2024-02-27,AUUD,Auddia Inc.,Reverse,1 for 25.00
2024-02-27,TGL,"Treasure Global, Inc.",Reverse,1 for 70.00
2024-02-27,DRETF,Dream Office Reit (Otc),Reverse,1 for 2.00
2024-02-27,IFBD,Infobird Co Limited,Reverse,1 for 8.00
2024-02-26,WMT,Walmart Inc.,Forward,0.33 for 1
2024-02-26,LSDI,"Lucy Scientific Discovery, Inc.",Reverse,1 for 10.00
2024-02-23,BVNNF,Forte Group Holdings Inc.,Reverse,1 for 20.00
2024-02-23,BPTH,Bio-Path Holdings,Reverse,1 for 20.00
2024-02-23,TRIB,Trinity Biotech,Reverse,1 for 5.00
2024-02-23,LYT,Lytus Technologies Holdings Private Limited,Reverse,1 for 60.00
2024-02-23,WDFCF,K9 Gold Corp,Reverse,1 for 10.00
2024-02-22,FOMC,Fomo Worldwide Inc,Reverse,1 for 100.00
2024-02-21,ELLXF,Elixinol Wellness Ltd,Forward,1.00 for 1
2024-02-21,PXSTF,Pphoenix Media Investment (Holdings) Limited,Reverse,1 for 10.00
2024-02-20,COO,Cooper Companies,Forward,0.25 for 1
2024-02-20,PXSTF,Pphoenix Media Investment (Holdings) Limited,Reverse,1 for 10.00
2024-02-20,AMBO,Ambow Education Holding,Reverse,1 for 10.00
2024-02-20,VCNX,Vaccinex,Reverse,1 for 14.00
2024-02-20,SHAOF,SHIMAMURA Co ,Forward,0.50 for 1
2024-02-20,ACB,Aurora Cannabis (US),Reverse,1 for 10.00
2024-02-20,JZ,Jianzhi Education Technology Group Company Limited ADR,Reverse,1 for 3.00
2024-02-19,SHAOF,SHIMAMURA Co ,Forward,0.50 for 1
2024-02-16,SNPW,Sun Pacific Holding Corp,Reverse,1 for 4000.00
2024-02-16,SISI,Shineco Inc,Reverse,1 for 10.00
2024-02-15,PNEXF,Pharnext Sa,Reverse,1 for 10000.00
2024-02-15,MYMD,"Tnf Pharmaceuticals, Inc.",Reverse,1 for 30.00
2024-02-15,RFMCF,Refined Energy Corp,Reverse,1 for 2.00
2024-02-15,JZ,Jianzhi Education Technology Group Company Limited ADR,Reverse,1 for 3.00
2024-02-14,DTIL,Precision Biosciences,Reverse,1 for 30.00
2024-02-14,VENZF,"Venzee Technologies, Inc.",Reverse,1 for 10.00
2024-02-14,VRM,Vroom Inc,Reverse,1 for 80.00
2024-02-14,EJH,E-Home Household Service Holdings Ltd.,Reverse,1 for 5.00
2024-02-14,ELXMF,Nova Eye Medical Ltd,Forward,1.00 for 1
2024-02-12,SGLY,Singularity Future Technology Ltd,Reverse,1 for 10.00
2024-02-12,UMFG,Ridder Titan Genesis Corp,Reverse,1 for 30.00
2024-02-12,ASMB,Assembly Biosciences Inc,Reverse,1 for 12.00
2024-02-09,UAVS,Ageagle Aerial,Reverse,1 for 20.00
2024-02-09,KERN,"Gryphon Digital Mining, Inc",Reverse,1 for 20.00
2024-02-09,SVMB,Jingbo Technology Inc,Reverse,1 for 200.00
2024-02-08,ZJYL,Jin Medical International Ltd.,Forward,0.05 for 1
2024-02-07,GCCFF,Golden Cariboo Resources Ltd.,Reverse,1 for 3.00
2024-02-06,PACV,"Pacific Ventures Group, Inc.",Reverse,1 for 250.00
2024-02-06,STMHD,"Stem Holdings, Inc.",Reverse,1 for 100.00
2024-02-05,FRGT,"Freight Technologies, Inc",Reverse,1 for 10.00
2024-02-05,WSCO,Global Ai Inc.,Forward,0.25 for 1
2024-02-05,BIRNF,BCI Minerals Ltd,Forward,0.96 for 1
2024-02-05,GTBP,"Gt Biopharma, Inc.",Reverse,1 for 30.00
2024-02-05,VLCN,"Volcon, Inc.",Reverse,1 for 45.00
2024-02-02,HOLO,Microcloud Hologram Inc.,Reverse,1 for 10.00
2024-02-02,GNPX,Genprex,Reverse,1 for 40.00
2024-02-02,BSGM,Biosig Technologies,Reverse,1 for 10.00
2024-02-02,CAMP,Calamp Corp.,Reverse,1 for 23.00
2024-02-01,TCRT,Alaunos Therapeutics Inc,Reverse,1 for 15.00
2024-02-01,CMAX,"Caremax, Inc.",Reverse,1 for 30.00
2024-02-01,MSYN,Greenlit Ventures Inc,Reverse,1 for 30.00
2024-02-01,STMH,"Stem Holdings, Inc.",Reverse,1 for 100.00
2024-01-31,GOVX,"Geovax Labs, Inc.",Reverse,1 for 15.00
2024-01-31,SIGY,"Sigyn Therapeutics, Inc.",Reverse,1 for 40.00
2024-01-30,FBBPF,"Prologis Property Mexico, S.A. de C.V.",Forward,0.98 for 1
2024-01-30,GRI,"Gri Bio, Inc.",Reverse,1 for 7.00
2024-01-30,QGEN,Qiagen,Reverse,1 for 1.03
2024-01-29,MMAT,Meta Materials Inc.,Reverse,1 for 100.00
2024-01-29,HUBG,Hub Group,Forward,0.50 for 1
2024-01-29,INBS,Intelligent Bio Solutions Inc.,Reverse,1 for 12.00
2024-01-26,TC,Tuanche Ltd,Reverse,1 for 15.00
2024-01-25,LPL,LG Display Co.,Forward,0.95 for 1
2024-01-25,REVB,Revelation Biosciences Inc.,Reverse,1 for 30.00
2024-01-25,INO,Inovio Pharmaceuticals,Reverse,1 for 12.00
2024-01-25,KAVL,Kaival Brands Innovations Group Inc,Reverse,1 for 21.00
2024-01-25,CNBL,Bonvenu Bancorp Inc.,Forward,0.50 for 1
2024-01-24,INSG,Inseego,Reverse,1 for 10.00
2024-01-24,VOCL,"Creatd, Inc.",Reverse,1 for 500.00
2024-01-24,MSYN,Greenlit Ventures Inc,Reverse,1 for 30.00
2024-01-23,SIRC,Solar Integrated Roofing Corporation,Reverse,1 for 150.00
2024-01-23,DTSS,Datasea Inc.,Reverse,1 for 15.00
2024-01-22,PCSA,"Processa Pharmaceuticals, Inc.",Reverse,1 for 20.00
2024-01-22,NVVE,Nuvve Holding Corp.,Reverse,1 for 40.00
2024-01-22,REBN,"Reborn Coffee, Inc.",Reverse,1 for 8.00
2024-01-22,EVAX,Evaxion Biotech A/S Adr,Reverse,1 for 10.00
2024-01-19,CNEY,Cn Energy Group Inc,Reverse,1 for 30.00
2024-01-19,ACSAY,Actividades de Construccion y Servicios SA,Forward,0.99 for 1
2024-01-19,CLEU,China Liberal Education Holdings Ltd,Reverse,1 for 15.00
2024-01-19,ACSAY,Actividades de Construccion y Servicios SA,Forward,0.99 for 1
2024-01-19,EZEN,Ezenia! Inc.,Reverse,1 for 700000.00
2024-01-18,PBLA,"Panbela Therapeutics, Inc.",Reverse,1 for 20.00
2024-01-18,GLIOF,Lithium Lion Metals Inc.,Reverse,1 for 10.00
2024-01-17,AULT,"Hyperscale Data, Inc.",Reverse,1 for 25.00
2024-01-16,UNRV,Blum Holdings Inc,Reverse,1 for 100.00
2024-01-16,RVIV,"Axil Brands, Inc.",Reverse,1 for 20.00
2024-01-16,SFE,"Safeguard Scientifics, Inc.",Forward,1.00 for 1
2024-01-16,NENTF,Viaplay Group,Forward,1.00 for 1
2024-01-16,RNAZ,"Transcode Therapeutics, Inc.",Reverse,1 for 40.00
2024-01-16,UXIN,Uxin Limited,Reverse,1 for 10.00
2024-01-16,PARG,Blackwell 3D Construction Corp,Reverse,1 for 250.00
2024-01-12,KYOCY,Kyocera,Forward,0.25 for 1
2024-01-12,EFTR,"Effector Therapeutics, Inc.",Reverse,1 for 25.00
2024-01-12,SPLP,Steel Partners Hldgs,Forward,1.00 for 1
2024-01-10,BRYAF,Berjaya Corp Bhd,Forward,0.94 for 1
2024-01-10,OMVKY,Omv Aktiengesellschaft,Forward,0.25 for 1
2024-01-10,MESO,Mesoblast,Reverse,1 for 2.00
2024-01-10,BETS,Bit Brother Limited Class A,Reverse,1 for 1000.00
2024-01-09,IDXAF,Idex Biometrics Asa,Reverse,1 for 5.00
2024-01-09,CDIX,Cardiff Lexington Corporation,Reverse,1 for 75000.00
2024-01-09,SPLP,Steel Partners Hldgs,Forward,1.00 for 1
2024-01-09,VNTRF,Venator Materials Plc,Reverse,1 for 137523.00
2024-01-09,TTNP,Titan Pharmaceuticals Inc.,Reverse,1 for 20.00
2024-01-08,GOOXF,Givot Olam Oil Exploration LP (1993),Forward,1.00 for 1
2024-01-08,EIGR,"Eiger Biopharmaceuticals, Inc.",Reverse,1 for 30.00
2024-01-08,ONCT,Oncternal Therapeutics,Reverse,1 for 20.00
2024-01-08,EFSH,1847 Holdings LLC,Reverse,1 for 4.00
2024-01-05,MESO,Mesoblast,Reverse,1 for 2.00
2024-01-05,DSS,"DSS, Inc.",Reverse,1 for 20.00
2024-01-05,SABS,"Sab Biotherapeutics, Inc.",Reverse,1 for 10.00
2024-01-05,MICR,"Micron Solutions, Inc.",Forward,1.00 for 1
2024-01-04,JSPR,"Jasper Therapeutics, Inc.",Reverse,1 for 10.00
2024-01-04,ACON,"Aclarion, Inc.",Reverse,1 for 16.00
2024-01-03,JZZI,Ideal Group Of Companies Inc.,Reverse,1 for 500.00
2024-01-03,PRSO,"Peraso, Inc.",Reverse,1 for 40.00
2024-01-03,TENX,Tenax Therapeutics,Reverse,1 for 80.00
2024-01-03,LXEH,"Lixiang Education Holding Co., Ltd.",Reverse,1 for 2.00
2024-01-02,TBLT,Toughbuilt Industries,Reverse,1 for 65.00
2024-01-02,KTTA,Pasithea Therapeutics Corp.,Reverse,1 for 20.00
2023-12-29,HYEX,Healthy Extracts Inc,Reverse,1 for 120.00
2023-12-29,VS,Versus Systems,Reverse,1 for 16.00
2023-12-29,MYMX,Mymetics Corporation,Reverse,1 for 2000.00
2023-12-29,AVTX,"Avalo Therapeutics, Inc.",Reverse,1 for 240.00
2023-12-28,NFPDF,Nissin Foods Holdings Co ,Forward,0.33 for 1
2023-12-28,MSBHF,Mitsubishi Corporation,Forward,0.33 for 1
2023-12-28,IDKOF,Idemitsu Kosan Co ,Forward,0.20 for 1
2023-12-28,MBUMF,Mabuchi Motor Co ,Forward,0.50 for 1
2023-12-28,BJSAF,Berjaya Sports Toto Bhd,Forward,0.98 for 1
2023-12-28,MSBHF,Mitsubishi Corporation,Forward,0.33 for 1
2023-12-28,KYOCY,Kyocera,Forward,0.25 for 1
2023-12-28,KYOCF,Kyocera Corporation,Forward,0.25 for 1
2023-12-28,CMTDF,Sumitomo Mitsui Trust Holdings ,Forward,0.50 for 1
2023-12-28,YAMHF,Yamaha Motor Co ,Forward,0.33 for 1
2023-12-28,GHI,Greystone Housing Impact Investors Lp,Forward,1.00 for 1
2023-12-28,TOKCF,Tokyo Ohka Kogyo Co ,Forward,0.33 for 1
2023-12-27,ULTHF,United Lithium Corp,Reverse,1 for 3.00
2023-12-27,VUVAF,Texton Property Fund ,Forward,1.00 for 1
2023-12-27,LIDR,"Aeye, Inc.",Reverse,1 for 30.00
2023-12-27,SLCJY,Slc Agricola,Forward,0.50 for 1
2023-12-27,NXU,"Nxu, Inc.",Reverse,1 for 150.00
2023-12-26,BRLI,Nukkleus Inc.,Forward,0.71 for 1
2023-12-22,GMBL,Esports Entertainment Group Inc,Reverse,1 for 400.00
2023-12-22,PRSR,Leddartech Holdings Inc,Forward,0.99 for 1
2023-12-21,BVNNF,Forte Group Holdings Inc.,Reverse,1 for 10.00
2023-12-21,BKYI,Bio-Key International,Reverse,1 for 18.00
2023-12-21,MULN,"Mullen Automotive, Inc.",Reverse,1 for 100.00
2023-12-21,NRBO,Metavia Inc.,Reverse,1 for 8.00
2023-12-20,SCOR,comScore Inc,Reverse,1 for 20.00
2023-12-20,BBLG,Bone Biologics Corp,Reverse,1 for 8.00
2023-12-20,WNW,Meiwu Technology Company Limited,Reverse,1 for 35.00
2023-12-20,MSLVF,Mantaro Precious Metals Corp,Reverse,1 for 10.00
2023-12-20,SIDU,"Sidus Space, Inc. Class A",Reverse,1 for 100.00
2023-12-20,CGC,Canopy Growth,Reverse,1 for 10.00
2023-12-19,NLTX,Neurogene Inc.,Reverse,1 for 4.00
2023-12-19,TFFP,"Tff Pharmaceuticals, Inc.",Reverse,1 for 25.00
2023-12-18,CYCC,Cyclacel Pharmaceuticals,Reverse,1 for 15.00
2023-12-18,FWBI,"Entero Therapeutics, Inc.",Reverse,1 for 20.00
2023-12-18,VRAX,Virax Biolabs Group Ltd. Class A,Reverse,1 for 10.00
2023-12-18,YQ,"17 Education & Technology Group, Inc.",Reverse,1 for 5.00
2023-12-18,UNPRF,Uniper Se,Reverse,1 for 20.00
2023-12-15,HUBC,HUB CYBER SECURITY (ISRAEL) LTD,Reverse,1 for 10.00
2023-12-15,LU,Lufax Holding Ltd.,Reverse,1 for 4.00
2023-12-15,SING,"Singlepoint, Inc.",Reverse,1 for 26.00
2023-12-15,TCBP,TC Biopharm (Holdings) Plc Sponsored ADR,Reverse,1 for 20.00
2023-12-14,MLGF,Malaga Financial Corporation,Forward,0.95 for 1
2023-12-14,GENE,Genetic Technologies,Reverse,1 for 5.00
2023-12-14,SLCJF,SLC Agricola SA,Forward,0.50 for 1
2023-12-14,AIMD,Ainos Inc,Reverse,1 for 5.00
2023-12-14,SRZN,"Surrozen, Inc.",Reverse,1 for 15.00
2023-12-13,CYTO,Altamira Therapeutics Ltd.,Reverse,1 for 20.00
2023-12-12,AUVI,"Applied Uv, Inc.",Reverse,1 for 25.00
2023-12-11,MOBV,Srivaru Holding Limited,Forward,0.22 for 1
2023-12-11,DRTTF,Dirtt Environmental Solutions Ltd.,Forward,0.88 for 1
2023-12-11,SNCR,Synchronoss,Reverse,1 for 9.00
2023-12-11,JG,Aurora Mobile,Reverse,1 for 20.00
2023-12-08,SNCE,"Science 37, Inc.",Reverse,1 for 20.00
2023-12-08,BLTH,American Battery Materials Inc.,Reverse,1 for 300.00
2023-12-08,CENN,Cenntro Electric Group Limited,Reverse,1 for 10.00
2023-12-08,BLTH,American Battery Materials Inc.,Reverse,1 for 300.00
2023-12-07,VCXA,African Agriculture Holding Inc,Forward,0.72 for 1
2023-12-07,FLJ,Xchange Tec.Inc Sponsored Adr Class A,Reverse,1 for 40.00
2023-12-07,PAVM,Pavmed,Reverse,1 for 15.00
2023-12-07,XOS,"Xos, Inc.",Reverse,1 for 30.00
2023-12-06,CZOO,Cazoo Group Ltd,Reverse,1 for 100.00
2023-12-06,CRESY,Cresud S.A.C.I.F. Y A.,Forward,0.99 for 1
2023-12-06,OZYMF,Orphazyme A/S,Reverse,1 for 1000.00
2023-12-06,JG,Aurora Mobile,Reverse,1 for 20.00
2023-12-06,IRS,Irsa Inversiones Y Representaciones,Forward,0.98 for 1
2023-12-05,ZVSA,"Zyversa Therapeutics, Inc.",Reverse,1 for 35.00
2023-12-05,TOEYF,Toro Energy Limited,Reverse,1 for 50.00
2023-12-05,MEOBF,Mesoblast Limited,Forward,0.95 for 1
2023-12-04,MCOM,Micromobility.Com Inc.,Reverse,1 for 150.00
2023-12-04,GENE,Genetic Technologies,Reverse,1 for 5.00
2023-12-04,SYTA,Siyata Mobile Inc.,Reverse,1 for 7.00
2023-12-04,BNRG,Brenmiller Energy Ltd,Reverse,1 for 10.00
2023-12-01,CBSH,Commerce Bancshares,Forward,0.95 for 1
2023-12-01,CENN,Cenntro Electric Group Limited,Reverse,1 for 10.00
2023-12-01,ENG,Englobal Corporation,Reverse,1 for 8.00
2023-11-30,PPLL,Peoples ,Forward,0.95 for 1
2023-11-30,LARK,Landmark,Forward,0.95 for 1
2023-11-30,LQR,Lqr House Inc.,Reverse,1 for 60.00
2023-11-30,UK,Ucommune International Ltd,Reverse,1 for 12.00
2023-11-30,CING,"Cingulate, Inc.",Reverse,1 for 20.00
2023-11-30,CICN,"Sms Alternatives, Inc",Reverse,1 for 100.00
2023-11-30,IXHL,Incannex Healthcare Limited Sponsored ADR,Reverse,1 for 4.00
2023-11-29,MNXMF,Firefly Metals Ltd,Reverse,1 for 15.00
2023-11-29,IBIO,Ibio Inc,Reverse,1 for 20.00
2023-11-29,RGS,Regis Corporation,Reverse,1 for 20.00
2023-11-29,PRAX,"Praxis Precision Medicines, Inc.",Reverse,1 for 15.00
2023-11-28,OCEL,Zeo Scientifix Inc.,Reverse,1 for 200.00
2023-11-28,SEEL,"Seelos Therapeutics, Inc.",Reverse,1 for 30.00
2023-11-28,YOSH,Yoshiharu Global Co. Class A,Reverse,1 for 10.00
2023-11-27,SNEX,Stonex Group Inc.,Forward,0.67 for 1
2023-11-27,CHR,"Cheer Holding, Inc.",Reverse,1 for 10.00
2023-11-27,DRCMF,Dore Copper Mining Corp.,Forward,0.96 for 1
2023-11-24,ARDDF,Ardiden Limited,Reverse,1 for 43.00
2023-11-24,APPEF,Appen Ltd.,Forward,0.91 for 1
2023-11-24,GDYMF,ReNu Energy Limited,Forward,0.90 for 1
2023-11-24,RRSSF,Neometals Ltd.,Forward,0.97 for 1
2023-11-24,MAKAF,Hardcore Discoveries Ltd.,Reverse,1 for 10.00
2023-11-22,AUKUF,Ams-Osram Ag,Forward,0.54 for 1
2023-11-22,NURO,Neurometrix,Reverse,1 for 8.00
2023-11-22,BODY,Beachbody Company Inc,Reverse,1 for 50.00
2023-11-21,VTVT,vTv Therapeutics Inc.,Reverse,1 for 40.00
2023-11-21,WECFF,White Energy Company Limited,Forward,1.00 for 1
2023-11-21,THAR,"Tharimmune, Inc.",Reverse,1 for 25.00
2023-11-20,IFBD,Infobird Co Limited,Reverse,1 for 20.00
2023-11-17,SNES,SenesTech,Reverse,1 for 12.00
2023-11-17,SNES,SenesTech,Reverse,1 for 12.00
2023-11-17,TRVG,Trivago,Reverse,1 for 5.00
2023-11-17,AMTD,Amtd Idea Group,Reverse,1 for 3.00
2023-11-16,CWGYF,Carnegie Clean Energy Ltd,Reverse,1 for 50.00
2023-11-16,AEY,"Addvantage Technologies Group, Inc.",Reverse,1 for 10.00
2023-11-15,HYMC,Hycroft Mining Holding Corporation,Reverse,1 for 10.00
2023-11-15,RVSN,Rail Vision Ltd.,Reverse,1 for 8.00
2023-11-15,CELH,Celsius Holdings,Forward,0.33 for 1
2023-11-15,BLTH,American Battery Materials Inc.,Reverse,1 for 300.00
2023-11-15,WESMF,West Mining Corp.,Reverse,1 for 10.00
2023-11-14,MXDHF,Mdxhealth S.A.,Reverse,1 for 10.00
2023-11-14,ZAIRF,"Zinc8 Energy Solutions, Inc.",Reverse,1 for 10.00
2023-11-14,PRE,Prenetics Group Limited,Reverse,1 for 15.00
2023-11-13,ACCMF,Aac Clyde Space Ab,Reverse,1 for 50.00
2023-11-07,FOXO,Foxo Technologies Inc.,Reverse,1 for 10.00
2023-11-07,NVOS,"Novo Integrated Sciences, Inc.",Reverse,1 for 10.00
2023-11-07,DOGZ,Dogness Corp,Reverse,1 for 20.00
2023-11-06,UWHR,Uwharrie Capital Corp,Forward,0.98 for 1
2023-11-06,FREQ,"Korro Bio, Inc.",Reverse,1 for 50.00
2023-11-03,CLMOF,Climeon Ab Class B,Forward,1.00 for 1
2023-11-03,CANO,Cano Health Inc,Reverse,1 for 100.00
2023-11-03,TSRYF,Treasury Wine Estates Limited,Forward,1.00 for 1
2023-11-03,EMFGF,Fluence Corporation Limited,Forward,0.88 for 1
2023-11-03,VSBGF,Vsblty Groupe Technologies Corp,Reverse,1 for 10.00
2023-11-03,JFBR,Jeffs' Brands Ltd.,Reverse,1 for 7.00
2023-11-02,MOTS,Motus Gi Holdings,Reverse,1 for 15.00
2023-11-02,TNON,"Tenon Medical, Inc.",Reverse,1 for 10.00
2023-11-02,FLJ,Xchange Tec.Inc Sponsored Adr Class A,Forward,0.01 for 1
2023-11-01,GEHI,"Mynd.Ai, Inc.",Forward,0.50 for 1
2023-11-01,AAMC,Altisource Asset Management Corp,Forward,0.59 for 1
2023-11-01,CRYBF,Cryptoblox Technologies Inc,Reverse,1 for 10.00
2023-11-01,BYFC,Broadway Financial,Reverse,1 for 8.00
2023-11-01,PBIGF,Paradigm Biopharmaceuticals Ltd.,Forward,1.00 for 1
2023-10-31,ALZN,"Alzamend Neuro, Inc.",Reverse,1 for 15.00
2023-10-31,PXMD,"PaxMedica, Inc.",Reverse,1 for 17.00
2023-10-31,CBIO,Gyre Therapeutics Inc,Reverse,1 for 15.00
2023-10-30,BNIGF,Beroni Group Ltd.,Reverse,1 for 4.00
2023-10-30,MGCLF,Argent Biopharma Ltd,Reverse,1 for 1000.00
2023-10-30,GVP,Gse Systems,Reverse,1 for 10.00
2023-10-30,GLG,Baiyu Holdings Inc,Reverse,1 for 50.00
2023-10-27,ZIVO,Zivo Bioscience ,Reverse,1 for 6.00
2023-10-27,VVOS,"Vivos Therapeutics, Inc.",Reverse,1 for 25.00
2023-10-27,JWEL,Jowell Global Ltd.,Reverse,1 for 16.00
2023-10-27,CPOP,"Pop Culture Group Co., Ltd.",Reverse,1 for 10.00
2023-10-27,SMFL,"Smart for Life, Inc.",Reverse,1 for 3.00
2023-10-26,VHC,Virnetx Holding,Reverse,1 for 20.00
2023-10-26,GTH,Genetron Holdings Ltd,Reverse,1 for 3.00
2023-10-25,DCNNF,Canadian Palladium Resources Inc.,Reverse,1 for 10.00
2023-10-25,PRRY,Recreatives Industries Inc,Reverse,1 for 30.00
2023-10-24,MDBIF,Trivarx Limited,Reverse,1 for 20.00
2023-10-23,ADXN,Addex Therapeutics Ltd (ADR),Reverse,1 for 20.00
2023-10-23,MLI,"Mueller Industries, Inc.",Forward,0.50 for 1
2023-10-20,JNCCF,Metalite Resources Inc,Reverse,1 for 10.00
2023-10-20,CYN,Cyngn Inc.,Forward,0.91 for 1
2023-10-20,CRNCY,Capricorn Energy PLC Unsponsored ADR,Reverse,1 for 1.50
2023-10-20,TALS,"Tourmaline Bio, Inc.",Reverse,1 for 10.00
2023-10-20,SGMD,"Sugarmade, Inc.",Reverse,1 for 200.00
2023-10-20,POL,Polished.Com Inc.,Reverse,1 for 50.00
2023-10-19,NEXI,"Neximmune, Inc.",Reverse,1 for 25.00
2023-10-18,RGRX,Regenerx Biopharmaceuticals Inc.,Reverse,1 for 100.00
2023-10-18,WAVD,"Firefly Neuroscience, Inc.",Reverse,1 for 10.00
2023-10-18,OCG,Oriental Culture Holding Ltd,Reverse,1 for 5.00
2023-10-18,REE,Ree Automotive Ltd.,Reverse,1 for 30.00
2023-10-17,VBLT,"Notable Labs, Ltd.",Reverse,1 for 35.00
2023-10-17,IMTE,Integrated Media Technology,Reverse,1 for 10.00
2023-10-17,ISPO,Inspirato Incorporated,Reverse,1 for 20.00
2023-10-16,MIND,Mind Technology Inc,Reverse,1 for 10.00
2023-10-16,CRKR,Prairie Operating Co.,Reverse,1 for 28.57
2023-10-16,AQB,AquaBounty Technologies,Reverse,1 for 20.00
2023-10-16,VLCN,"Volcon, Inc.",Reverse,1 for 5.00
2023-10-16,PIXY,ShiftPixy,Reverse,1 for 24.00
2023-10-16,JCSE,JE Cleantech Holdings Limited,Reverse,1 for 3.00
2023-10-16,SLNH,"Soluna Holdings, Inc.",Reverse,1 for 25.00
2023-10-13,LIFW,"Msp Recovery, Inc.",Reverse,1 for 25.00
2023-10-13,TTOO,T2 Biosystems,Reverse,1 for 100.00
2023-10-13,MIND,Mind Technology Inc,Reverse,1 for 10.00
2023-10-12,LSLCF,Lachlan Star Limited,Reverse,1 for 10.00
2023-10-12,CAULF,Cauldron Energy Limited,Forward,1.00 for 1
2023-10-12,CRSTF,"Crest Resources, Inc.",Reverse,1 for 3.00
2023-10-12,NUHRF,Nuheara Ltd.,Forward,1.00 for 1
2023-10-11,HLTC,"National Healthcare Properties, Inc.",Forward,0.98 for 1
2023-10-11,AGRI,Agriforce Growing Systems Ltd.,Reverse,1 for 50.00
2023-10-11,ATEYY,Advantest Corp,Forward,0.25 for 1
2023-10-11,WORX,Scworx,Reverse,1 for 15.00
2023-10-11,EDSA,Edesa Biotech,Reverse,1 for 7.00
2023-10-11,EXHI,"Exlites Holdings International, Inc.",Reverse,1 for 10.00
2023-10-11,GRYCF,Graycliff Exploration Limited,Reverse,1 for 2.00
2023-10-10,YKLTY,"Yakult Honsha Co., Ltd. Unsponsored ADR",Forward,0.50 for 1
2023-10-10,FBIO,Fortress Biotech Inc,Reverse,1 for 15.00
2023-10-10,BRQS,"Borqs Technologies, Inc.",Reverse,1 for 12.00
2023-10-10,BOMO,Bowmo Inc.,Reverse,1 for 1000.00
2023-10-09,SPRU,Spruce Power Holding Corporation,Reverse,1 for 8.00
2023-10-06,VVPR,Vivopower International Plc,Reverse,1 for 10.00
2023-10-06,PBNNF,PT Bank Negara Indonesia (Persero) Tbk Class B,Forward,0.50 for 1
2023-10-06,SVFD,"N2off, Inc.",Reverse,1 for 7.00
2023-10-05,AEMD,Aethlon,Reverse,1 for 10.00
2023-10-05,SXTC,China Sxt Pharmaceuticals,Reverse,1 for 25.00
2023-10-03,DNZOY,Denso,Forward,0.50 for 1
2023-10-03,MRAAY,Murata Manufacturing,Forward,0.67 for 1
2023-10-03,IRS,Irsa Inversiones Y Representaciones,Reverse,1 for 1.10
2023-10-03,VCSA,Vacasa,Reverse,1 for 20.00
2023-10-02,ADXRF,Adx Energy Ltd,Reverse,1 for 10.00
2023-10-02,SKIL,Skillsoft Corp,Reverse,1 for 20.00
2023-10-02,ARR,Armour Residential,Reverse,1 for 5.00
2023-10-02,NCTY,The9 Limited,Reverse,1 for 10.00
2023-10-02,TOBAF,Taat Global Alternatives Inc.,Reverse,1 for 10.00
2023-10-02,NECA,"Third Bench, Inc.",Reverse,1 for 500.00
2023-10-02,EBET,"Esports Technologies, Inc.",Reverse,1 for 30.00
2023-10-02,UTRS,"Minerva Surgical, Inc.",Reverse,1 for 20.00
2023-10-02,AKA,A.K.A. Brands Holding Corp.,Reverse,1 for 12.00
2023-09-29,FATH,Fathom Digital Manufacturing Corp,Reverse,1 for 20.00
2023-09-29,TWOH,Two Hands Corporation,Reverse,1 for 1000.00
2023-09-29,TOPS,Top Ships,Reverse,1 for 12.00
2023-09-29,CRIS,Curis Inc.,Reverse,1 for 20.00
2023-09-29,AGRED,Argonaut Resources N.L.,Forward,1.00 for 1
2023-09-29,ENCTF,Encanto Potash Corp.,Reverse,1 for 5.00
2023-09-28,DNZOF,DENSO CORPORATION,Forward,0.25 for 1
2023-09-28,TEMPF,PERSOL HOLDINGS CO ,Forward,0.10 for 1
2023-09-28,ROHCF,Rohm Co ,Forward,0.25 for 1
2023-09-28,WOWI,"Metro One Telecommunications, Inc.",Reverse,1 for 75.00
2023-09-28,GHI,Greystone Housing Impact Investors Lp,Forward,1.00 for 1
2023-09-28,HNDAF,Honda Motor Co ,Forward,0.33 for 1
2023-09-28,CJPRF,Central Japan Railway Company,Forward,0.20 for 1
2023-09-28,SPRC,SciSparc Ltd.,Reverse,1 for 26.00
2023-09-28,YKLTF,Yakult Honsha Co ,Forward,0.50 for 1
2023-09-28,XWEL,"Xwell, Inc.",Reverse,1 for 20.00
2023-09-28,ADTTF,Advantest Corp,Forward,0.25 for 1
2023-09-28,SYBX,Synlogic Inc,Reverse,1 for 15.00
2023-09-28,MRAAF,Murata Manufacturing Co ,Forward,0.33 for 1
2023-09-28,DINRF,SCREEN Holdings Co ,Forward,0.50 for 1
2023-09-27,RBT,"Rubicon Technologies, Inc.",Reverse,1 for 8.00
2023-09-27,EHGRF,Star Entertainment Group Limited,Forward,0.92 for 1
2023-09-26,FTK,"Flotek Industries, Inc.",Reverse,1 for 6.00
2023-09-26,VCNX,Vaccinex,Reverse,1 for 15.00
2023-09-26,PROSY,Prosus N.V. Sponsored Adr,Forward,0.46 for 1
2023-09-25,NLTX,Neurogene Inc.,Reverse,1 for 5.00
2023-09-25,FAMI,Farmmi,Reverse,1 for 8.00
2023-09-25,CNXA,Connexa Sports Technologies Inc,Reverse,1 for 40.00
2023-09-25,VINO,"Gaucho Group Holdings, Inc.",Reverse,1 for 10.00
2023-09-25,EJH,E-Home Household Service Holdings Ltd.,Reverse,1 for 10.00
2023-09-22,AGREF,Argonaut Resources N.L.,Reverse,1 for 100.00
2023-09-22,PRPO,Precipio,Reverse,1 for 20.00
2023-09-22,SASI,"Nexttrip, Inc.",Reverse,1 for 20.00
2023-09-22,PBTS,"X3 Holdings Co., Ltd.",Reverse,1 for 8.00
2023-09-22,CPTN,Cepton Inc,Reverse,1 for 10.00
2023-09-22,RTON,Right On Brands Inc,Reverse,1 for 250.00
2023-09-21,PYPD,PolyPid Ltd.,Reverse,1 for 30.00
2023-09-21,SOND,Sonder Holdings Inc.,Reverse,1 for 20.00
2023-09-21,SMTK,"Smartkem, Inc.",Reverse,1 for 35.00
2023-09-20,NVO,Novo Nordisk,Forward,0.50 for 1
2023-09-20,NVO,Novo Nordisk,Forward,0.50 for 1
2023-09-20,LIZI,Sound Group Inc. Adr,Reverse,1 for 10.00
2023-09-20,DATS,"Datchat, Inc.",Reverse,1 for 10.00
2023-09-20,ATDS,Data443 Risk Mitigation Inc,Reverse,1 for 600.00
2023-09-19,MVCO,"Metavesco, Inc.",Forward,0.10 for 1
2023-09-19,AROW,Arrow Financial Corporation,Forward,0.97 for 1
2023-09-19,AXLA,Axcella Health,Reverse,1 for 25.00
2023-09-18,PNEXF,Pharnext Sa,Reverse,1 for 5000.00
2023-09-18,VITX,"Strake, Inc.",Reverse,1 for 2000.00
2023-09-18,TRLEF,Trillion Energy International Inc,Reverse,1 for 5.00
2023-09-18,AEHL,Antelope Enterprise Holdings Ltd,Reverse,1 for 10.00
2023-09-18,AYRO,"AYRO, Inc.",Reverse,1 for 8.00
2023-09-18,PHXM,Phaxiam Therapeutics S.A.,Reverse,1 for 10.00
2023-09-15,AAIRF,"American Aires, Inc.",Reverse,1 for 10.00
2023-09-15,KXIN,Kaixin Auto Holdings,Reverse,1 for 15.00
2023-09-14,PROSF,Prosus N.V. Class N,Forward,0.46 for 1
2023-09-14,SIXWF,Sixth Wave Innovations Inc.,Reverse,1 for 7.00
2023-09-14,RUEXF,"Ruentex Development Co., Ltd.",Reverse,1 for 1.11
2023-09-14,ASTR,"Astra Space, Inc.",Reverse,1 for 15.00
2023-09-14,AAMC,Altisource Asset Management Corp,Forward,0.50 for 1
2023-09-13,NAPRF,Naspers  Class N,Forward,1.00 for 1
2023-09-13,AVGR,Avinger Inc.,Reverse,1 for 15.00
2023-09-12,AMPE,"Ampio Pharmaceuticals, Inc.",Reverse,1 for 20.00
2023-09-12,CATWF,China Tontine Wines Group Limited,Reverse,1 for 10.00
2023-09-12,SIXWF,Sixth Wave Innovations Inc.,Reverse,1 for 7.00
2023-09-12,WETH,Wetouch Technology Inc,Reverse,1 for 20.00
2023-09-12,ASTI,Ascent Solar,Reverse,1 for 200.00
2023-09-12,MGTA,"Dianthus Therapeutics, Inc.",Reverse,1 for 16.00
2023-09-12,LFLY,"Leafly Holdings, Inc.",Reverse,1 for 20.00
2023-09-11,EFSH,1847 Holdings LLC,Reverse,1 for 25.00
2023-09-11,SLGG,"Super League Enterprise, Inc.",Reverse,1 for 20.00
2023-09-11,ABML,American Battery Technology Co.,Reverse,1 for 15.00
2023-09-08,ACFN,"Acorn Energy, Inc.",Reverse,1 for 16.00
2023-09-08,SSRSF,Silver Sands Resources Corp.,Reverse,1 for 10.00
2023-09-08,NEPT,"Neptune Wellness Solutions, Inc.",Reverse,1 for 40.00
2023-09-08,AGLE,"Spyre Therapeutics, Inc",Reverse,1 for 25.00
2023-09-08,ODTC,Odonate Inc,Reverse,1 for 2000.00
2023-09-08,BACK,"Imac Holdings, Inc.",Reverse,1 for 30.00
2023-09-08,SKYE,"Skye Bioscience, Inc.",Reverse,1 for 250.00
2023-09-08,PMMCF,Pampa Metals Corporation,Reverse,1 for 2.50
2023-09-07,ERDLF,EROAD Limited,Forward,0.84 for 1
2023-09-07,RVYL,Ryvyl Inc.,Reverse,1 for 10.00
2023-09-07,GROM,"Grom Social Enterprises, Inc.",Reverse,1 for 20.00
2023-09-06,ORRAF,Orora Ltd.,Forward,0.93 for 1
2023-09-05,WE,Wework Inc.,Reverse,1 for 40.00
2023-09-05,HARP,Harpoon Therapeutics,Reverse,1 for 10.00
2023-09-05,SOMNF,Somnomed Limited,Forward,0.96 for 1
2023-09-05,FUISF,Fubon Financial Holding Co ,Forward,0.95 for 1
2023-09-04,FUISF,Fubon Financial Holding Co ,Forward,0.95 for 1
2023-09-03,NXGN,Nextgen Healthcare,Reverse,1 for 6.00
2023-09-01,HLGN,Heliogen Inc,Reverse,1 for 35.00
2023-09-01,SONN,"Sonnet Biotherapeutics Holdings, Inc.",Reverse,1 for 22.00
2023-09-01,DSGR,"Distribution Solutions Group, Inc.",Forward,0.50 for 1
2023-08-31,GOOXF,Givot Olam Oil Exploration LP (1993),Forward,1.00 for 1
2023-08-31,SPIR,"Spire Global, Inc.",Reverse,1 for 8.00
2023-08-31,SGBG,Signature Bank Of Georgia,Reverse,1 for 14.00
2023-08-31,EXPR,Express Inc,Reverse,1 for 20.00
2023-08-31,SQL,Atlantic International Corp,Reverse,1 for 40.00
2023-08-30,IPSI,"Innovative Payment Solutions, Inc.",Reverse,1 for 30.00
2023-08-30,AMKYF,ABC-MART,Forward,0.33 for 1
2023-08-29,RUSHB,Rush Enterprises B,Forward,0.67 for 1
2023-08-29,DMS,"Digital Media Solutions, Inc.",Reverse,1 for 15.00
2023-08-29,RUSHA,Rush Enterprises A,Forward,0.67 for 1
2023-08-28,ICCT,Icoreconnect Inc.,Reverse,1 for 29.84
2023-08-28,CKDXF,Opthea Limited,Forward,0.94 for 1
2023-08-28,FFIE,Faraday Future Intelligent Electric Inc.,Reverse,1 for 80.00
2023-08-25,IDEX,"Ideanomics, Inc.",Reverse,1 for 125.00
2023-08-25,RCRT,"Nixxy, Inc.",Reverse,1 for 15.00
2023-08-25,CLVR,"Clever Leaves Holdings, Inc.",Reverse,1 for 30.00
2023-08-24,AMC,AMC Entertainment Holdings,Reverse,1 for 10.00
2023-08-24,METX,Btc Digital Ltd.,Reverse,1 for 20.00
2023-08-24,MNTS,Momentus Inc.,Reverse,1 for 50.00
2023-08-23,AMC,AMC Entertainment Holdings,Forward,0.88 for 1
2023-08-23,TIVC,"Tivic Health Systems, Inc.",Reverse,1 for 100.00
2023-08-23,FGRRF,Fingerprint Cards Ab,Forward,1.00 for 1
2023-08-23,SUNL,Sunlight Financial Holdings Inc,Reverse,1 for 20.00
2023-08-22,CPRT,Copart,Forward,0.50 for 1
2023-08-22,DBGI,"Digital Brands Group, Inc.",Reverse,1 for 25.00
2023-08-22,SRE,Sempra Energy,Forward,0.50 for 1
2023-08-22,AVOI,"Rivulet Entertainment, Inc.",Reverse,1 for 100.00
2023-08-22,HWGG,Hwgg Entertainment Limited,Reverse,1 for 50.00
2023-08-21,SMX,Smx (Security Matters) Public Limited Company,Reverse,1 for 22.00
2023-08-21,BQ,Boqii Holding Limited,Reverse,1 for 3.33
2023-08-18,WHLR,Wheeler Real Estate,Reverse,1 for 10.00
2023-08-18,VAPO,Vapotherm,Reverse,1 for 8.00
2023-08-18,ADTX,"Aditxt, Inc.",Reverse,1 for 40.00
2023-08-18,LGVN,Longeveron Inc.,Forward,1.00 for 1
2023-08-17,AAON,Aaon Inc,Forward,0.67 for 1
2023-08-17,DFFN,Cervomed Inc.,Reverse,1 for 1.50
2023-08-17,HSDT,Helius Medical Technologies Inc,Reverse,1 for 50.00
2023-08-17,AKTX,Akari Therapeutics PLC (ADR),Reverse,1 for 20.00
2023-08-16,WATT,Energous Corp.,Reverse,1 for 20.00
2023-08-15,CRKN,Crown Electrokinetics Corp.,Reverse,1 for 60.00
2023-08-14,HYBT,Hongchang International Co Ltd,Reverse,1 for 10.00
2023-08-14,MTEM,Molecular Templates,Reverse,1 for 15.00
2023-08-14,MOGO,Mogo Finance Technology,Reverse,1 for 3.00
2023-08-11,ATGGF,Actinogen Medical Limited,Forward,1.00 for 1
2023-08-11,MULN,"Mullen Automotive, Inc.",Reverse,1 for 9.00
2023-08-10,YZCAY,Yankuang Energy Group Company Limited Sponsored ADR Class H,Forward,0.67 for 1
2023-08-10,LTRY,"Lottery.com, Inc.",Reverse,1 for 20.00
2023-08-10,MOGO,Mogo Finance Technology,Reverse,1 for 3.00
2023-08-10,ATTRF,Ascott Residence Trust,Forward,1.00 for 1
2023-08-09,PCRBF,Pricer AB Class B,Forward,0.89 for 1
2023-08-09,SYTA,Siyata Mobile Inc.,Reverse,1 for 100.00
2023-08-08,AGFAF,Digicann Ventures Inc,Reverse,1 for 25.00
2023-08-07,MOBQ,"Mobiquity Technologies, Inc.",Reverse,1 for 15.00
2023-08-07,SYSX,"Sysorex, Inc.",Reverse,1 for 1000.00
2023-08-07,MBHCF,MBH Corp. Plc,Reverse,1 for 30.00
2023-08-07,YVR,Liquid Media Group Ltd.,Reverse,1 for 4.00
2023-08-07,ADIL,Adial Pharma,Reverse,1 for 25.00
2023-08-07,BNGO,Bionano Genomics,Reverse,1 for 10.00
2023-08-04,MBHCF,MBH Corp. Plc,Reverse,1 for 30.00
2023-08-04,DUO,Fangdd Network Group Ltd,Reverse,1 for 15.00
2023-08-04,OTMO,Otonomo Technologies Ltd.,Reverse,1 for 15.00
2023-08-04,NCMI,National Cinemedia,Reverse,1 for 10.00
2023-08-03,EBML,Sky Constant Century Inc,Reverse,1 for 5000.00
2023-08-03,FZRO,Cs Diagnostics Corp.,Reverse,1 for 500.00
2023-08-02,EXLS,Exlservice,Forward,0.20 for 1
2023-08-02,SMFL,"Smart for Life, Inc.",Reverse,1 for 3.00
2023-08-02,CBMJ,Conservative Broadcast Media & Journalism Inc,Reverse,1 for 20.00
2023-08-01,EDDYF,Edison Lithium Corp.,Reverse,1 for 8.00
2023-08-01,TAOP,Taoping,Reverse,1 for 10.00
2023-08-01,MDVL,"Medavail Holdings, Inc.",Reverse,1 for 50.00
2023-08-01,BRSH,Bruush Oral Care Inc,Reverse,1 for 25.00
2023-07-31,THTX,Theratechnologies,Reverse,1 for 4.00
2023-07-28,BIOL,Biolase Inc,Reverse,1 for 100.00
2023-07-28,INVO,"Naya Biosciences, Inc.",Reverse,1 for 20.00
2023-07-28,KPLT,"Katapult Holdings, Inc.",Reverse,1 for 25.00
2023-07-28,UPC,Universe Pharmaceuticals Incorporation,Reverse,1 for 6.00
2023-07-28,OTRK,"Ontrak, Inc.",Reverse,1 for 6.00
2023-07-27,VIEW,View Inc.,Reverse,1 for 60.00
2023-07-26,BNTC,Benitec Biopharma,Reverse,1 for 17.00
2023-07-25,DXF,Eason Technology Limited,Reverse,1 for 10.00
2023-07-25,OCX,OncoCyte Corp,Reverse,1 for 20.00
2023-07-25,ABVC,"ABVC BioPharma, Inc.",Reverse,1 for 10.00
2023-07-25,SUIC,Suic Worldwide Holdings Ltd,Reverse,1 for 10.00
2023-07-24,BJDX,"Bluejay Diagnostics, Inc.",Reverse,1 for 20.00
2023-07-20,BGLC,Bionexus Gene Lab Corporation,Reverse,1 for 12.00
2023-07-20,SING,"Singlepoint, Inc.",Reverse,1 for 400.00
2023-07-19,BGTTF,Goat Industries Ltd,Reverse,1 for 100.00
2023-07-18,SNMP,Evolve Transition Infrastructure Lp,Reverse,1 for 30.00
2023-07-18,QNRX,Quoin Pharmaceuticals Ltd,Reverse,1 for 12.00
2023-07-17,QNRX,Quoin Pharmaceuticals Ltd,Reverse,1 for 12.00
2023-07-17,NIDB,Northeast Indiana Bancorp ,Forward,0.50 for 1
2023-07-17,BANT,Bantec Inc,Reverse,1 for 1000.00
2023-07-17,TNSMF,Titanium Sands Ltd.,Forward,0.97 for 1
2023-07-14,NIDB,Northeast Indiana Bancorp ,Forward,0.50 for 1
2023-07-14,FHILF,Freehill Mining Ltd.,Forward,1.00 for 1
2023-07-14,ACSAY,Actividades de Construccion y Servicios SA,Forward,0.95 for 1
2023-07-14,SNAX,Stryve Foods Inc,Reverse,1 for 15.00
2023-07-14,TREIF,"Treatment.Com International, Inc.",Reverse,1 for 10.00
2023-07-13,LGHL,Lion Group Holding Ltd.,Reverse,1 for 50.00
2023-07-12,HLTC,"National Healthcare Properties, Inc.",Forward,0.98 for 1
2023-07-12,AXDX,Accelerate Diagnostics,Reverse,1 for 10.00
2023-07-10,CRSS,Crossroads Impact Corp.,Reverse,1 for 25000.00
2023-07-10,ACST,"Grace Therapeutics, Inc.",Reverse,1 for 6.00
2023-07-10,AUID,Ipsidy Inc.,Reverse,1 for 8.00
2023-07-10,OWLT,Owlet Inc,Reverse,1 for 14.00
2023-07-10,JZXN,"Jiuzi Holdings, Inc.",Reverse,1 for 18.00
2023-07-07,OGI,OrganiGram Holdings,Reverse,1 for 4.00
2023-07-07,SQZB,Sqz Biotechnologies Company,Reverse,1 for 10.00
2023-07-06,SNFCA,Security National Financial,Forward,0.95 for 1
2023-07-06,TLIS,Talis Biomedical Corp.,Reverse,1 for 15.00
2023-07-06,LIGA,"Lig Assets, Inc.",Reverse,1 for 50.00
2023-07-06,STUPF,Battery X Metals Inc.,Reverse,1 for 3.00
2023-07-06,STRC,Palladyne Ai Corp.,Reverse,1 for 6.00
2023-07-05,WKEY,WISeKey International Holding Ltd.,Reverse,1 for 2.50
2023-07-05,YZCHF,Yankuang Energy Group Company Limited Class H,Forward,0.67 for 1
2023-07-05,BFRI,"Biofrontera, Inc.",Reverse,1 for 20.00
2023-07-05,XXII,22nd Century Group,Reverse,1 for 15.00
2023-07-05,VTEXF,Develop Global Limited,Forward,1.00 for 1
2023-07-05,BDRX,Biodexa Pharmaceuticals Plc,Reverse,1 for 80.00
2023-07-05,KAIFF,Kairos Minerals Limited,Forward,0.91 for 1
2023-07-05,AGFY,Agrify Corp.,Reverse,1 for 20.00
2023-07-04,KAIFF,Kairos Minerals Limited,Forward,1.00 for 1
2023-07-04,JRVMF,Jervois Global Limited,Forward,0.98 for 1
2023-07-03,SPHDF,Santhera Pharmaceuticals Holding Ag,Reverse,1 for 10.00
2023-07-03,BTCY,Biotricity ,Reverse,1 for 6.00
2023-07-03,PRFX,Painreform Ltd.,Reverse,1 for 10.00
2023-07-03,JRVMF,Jervois Global Limited,Forward,0.98 for 1
2023-06-30,AWLCF,Awilco Drilling Plc,Forward,0.86 for 1
2023-06-30,EVLO,Evelo Biosciences,Reverse,1 for 20.00
2023-06-30,ATXG,Addentax Group Corp,Reverse,1 for 10.00
2023-06-30,DOMA,Doma Holdings Inc,Reverse,1 for 25.00
2023-06-30,WSKEF,Wisekey International Holding,Reverse,1 for 50.00
2023-06-30,IKT,"Inhibikase Therapeutics, Inc.",Reverse,1 for 6.00
2023-06-30,AHI,Advanced Human Imaging Ltd. Unsponsored Adr,Reverse,1 for 4.00
2023-06-30,AUDA,"Audacy, Inc.",Reverse,1 for 30.00
2023-06-30,JRSS,Jrsis Health Care Corp,Reverse,1 for 10.00
2023-06-29,NPPXF,Nippon Telegraph and Telephone Corporation,Forward,0.04 for 1
2023-06-29,GHI,Greystone Housing Impact Investors Lp,Forward,1.00 for 1
2023-06-29,SKKAF,SK Kaken Co ,Forward,0.20 for 1
2023-06-29,ANY,Sphere 3D Corp,Reverse,1 for 7.00
2023-06-29,TNYYF,Tinybeans Group Ltd.,Forward,0.95 for 1
2023-06-29,MRAI,"Marpai, Inc.",Reverse,1 for 4.00
2023-06-29,ALLR,"Allarity Therapeutics, Inc.",Reverse,1 for 40.00
2023-06-28,ACCMF,Aac Clyde Space Ab,Forward,0.98 for 1
2023-06-28,TITMF,Titomic Ltd,Forward,1.00 for 1
2023-06-28,ALLR,"Allarity Therapeutics, Inc.",Reverse,1 for 40.00
2023-06-28,GHVNF,Goldhaven Resources Corp,Reverse,1 for 6.00
2023-06-27,AREB,American Rebel Holdings ,Reverse,1 for 25.00
2023-06-26,TMASF,Temas Resources Corp.,Reverse,1 for 9.00
2023-06-26,SKLZ,Skillz Inc.,Reverse,1 for 20.00
2023-06-23,TRFNF,Trufin Plc,Forward,1.00 for 1
2023-06-23,TRI,Thomson Reuters Corp,Reverse,1 for 1.04
2023-06-23,COOSF,Carbios SA,Forward,0.91 for 1
2023-06-23,XAUMF,Goldmoney Inc (OTC),Reverse,1 for 5.00
2023-06-23,ACNDF,Capitaland India Trust,Forward,1.00 for 1
2023-06-23,SHPW,"Shapeways Holdings, Inc.",Reverse,1 for 8.00
2023-06-22,STCN,Steel Connect,Reverse,1 for 9.33
2023-06-22,MEDS,"Scienture Holdings, Inc.",Reverse,1 for 15.00
2023-06-21,DOUG,Douglas Elliman Inc.,Forward,0.95 for 1
2023-06-21,LPTX,Leap Therapeutics,Reverse,1 for 10.00
2023-06-21,EPWCF,Empower Clinics Inc,Reverse,1 for 5.00
2023-06-21,BSFC,Blue Star Foods Corp.,Reverse,1 for 20.00
2023-06-20,DGWR,"Deep Green Waste & Recycling, Inc.",Reverse,1 for 1500.00
2023-06-20,WECFF,White Energy Company Limited,Forward,1.00 for 1
2023-06-20,EFOI,Energy Focus Inc.,Reverse,1 for 7.00
2023-06-20,YJ,Yunji Inc,Reverse,1 for 10.00
2023-06-20,CNGGF,Cann Group Ltd.,Forward,0.99 for 1
2023-06-16,BWNAF,Verity Resources Limited,Forward,1.00 for 1
2023-06-16,IZEA,"IZEA Worldwide, Inc.",Reverse,1 for 4.00
2023-06-16,EFLVF,Electrovaya Inc.,Reverse,1 for 5.00
2023-06-15,ATIP,"Ati Physical Therapy, Inc.",Reverse,1 for 50.00
2023-06-15,NBSE,Neubase Therapeutics,Reverse,1 for 20.00
2023-06-15,BOXL,Boxlight,Reverse,1 for 8.00
2023-06-15,LOCL,Local Bounti Corporation,Reverse,1 for 13.00
2023-06-14,HWBK,Hawthorn Bancshares,Forward,0.96 for 1
2023-06-14,SNMP,Evolve Transition Infrastructure Lp,Reverse,1 for 30.00
2023-06-14,TMXXF,Tmx Group Ltd.,Forward,0.20 for 1
2023-06-14,CCBC,Chino Commercial Bancorp,Forward,0.83 for 1
2023-06-13,OPAD,Offerpad Solutions Inc.,Reverse,1 for 15.00
2023-06-13,REFXF,Redflow Limited,Forward,1.00 for 1
2023-06-13,VENG,Vision Energy Corporation,Reverse,1 for 5.00
2023-06-12,FNCH,"Finch Therapeutics Group, Inc.",Reverse,1 for 30.00
2023-06-12,CELZ,"Creative Medical Technology Holdings, Inc.",Reverse,1 for 10.00
